id,name,last_name,date_birth,emial,tel_num,city,street,postal_code,perm_join_date
,Ryan,Duncan,2008-02-19,ryan.duncan@gmail.com,555-4182308,Cipaku,Namekagon,98115,2023-06-27
,David,Wallace,2008-12-29,david.wallace@gmail.com,539-1901971,Whitehorse,Tennyson,98140,2023-06-27
,Julian,Brown,2000-06-19,julian.brown@gmail.com,536-3952903,Jatipamor,Beilfuss,98185,2023-06-27
,Lisa,May,1971-05-20,lisa.may@gmail.com,532-1391444,Wanxian,Delaware,98682,2023-06-27
,Lily,Parsons,2005-12-24,lily.parsons@gmail.com,552-1923716,Cisalak,Golf View,98140,2023-06-27
,Dylan,Johnston,2003-12-21,dylan.johnston@gmail.com,536-2345711,Zator,Maple Wood,98115,2023-06-27
,Liam,Glover,1968-12-01,liam.glover@gmail.com,538-1658466,Zhongluotan,Lyons,98109,2023-06-27
,Nicola,Coleman,1988-08-09,nicola.coleman@gmail.com,555-4559786,Hongjiang,Oriole,98405,2023-06-27
,Boris,Peake,1969-10-14,boris.peake@gmail.com,530-1829448,Tawau,Mandrake,98682,2023-06-27
,Ella,Parr,2014-11-03,ella.parr@gmail.com,552-2094146,Chengxiang,Dovetail,98185,2023-06-27
,Rachel,Nolan,2004-11-04,rachel.nolan@gmail.com,531-1125664,Rumburk,Union,98185,2023-06-27
,Luke,Parsons,2001-12-30,luke.parsons@gmail.com,554-2286833,Nadezhda,Coleman,98506,2023-06-27
,Adrian,Watson,1975-06-26,adrian.watson@gmail.com,534-2893188,âelopek,Starling,98195,2023-06-27
,Maria,Rampling,1977-05-30,maria.rampling@gmail.com,546-1512834,Odzi,Coleman,98516,2023-06-27
,Kylie,Bailey,1969-01-17,kylie.bailey@gmail.com,538-1602227,Budapest,Monument,98115,2023-06-27
,Diana,Johnston,1989-06-18,diana.johnston@gmail.com,538-1977202,Granja,Maple Wood,98687,2023-06-27
,Megan,Dowd,2008-09-09,megan.dowd@gmail.com,551-1627624,Leworook,La Follette,98175,2023-06-27
,Frank,Kerr,1977-07-16,frank.kerr@gmail.com,552-1484984,Tilburg,Comanche,98682,2023-06-27
,Adrian,Thomson,1984-03-09,adrian.thomson@gmail.com,535-1533208,Karolino-Buhaz,Artisan,98516,2023-06-27
,Tim,Terry,2000-12-18,tim.terry@gmail.com,552-2221720,Ngô ??ng,Hanson,98185,2023-06-27
,Carol,Abraham,1979-03-15,carol.abraham@gmail.com,554-1429638,Cipaku,Dunning,98442,2023-06-27
,Matt,Churchill,1995-06-10,matt.churchill@gmail.com,544-1427678,Whitehorse,Schmedeman,98506,2023-06-27
,Deirdre,Taylor,2006-06-15,deirdre.taylor@gmail.com,541-1662368,Jatipamor,Ridgeview,98687,2023-06-27
,Claire,Forsyth,1968-09-30,claire.forsyth@gmail.com,534-2912333,Wanxian,Dorton,98664,2023-06-27
,Maria,Manning,1977-03-04,maria.manning@gmail.com,538-1268871,Cisalak,Eastlawn,98158,2023-06-27
,Julian,Avery,2006-05-16,julian.avery@gmail.com,545-1209060,Zator,Graedel,98109,2023-06-27
,Christian,Black,2010-07-31,christian.black@gmail.com,554-1423261,Zhongluotan,Northview,98158,2023-06-27
,Irene,Baker,1985-08-13,irene.baker@gmail.com,551-1814470,Hongjiang,7th,98008,2023-06-27
,Kevin,Short,1960-11-27,kevin.short@gmail.com,530-2030101,Tawau,Waubesa,98104,2023-06-27
,Samantha,Gray,2004-10-10,samantha.gray@gmail.com,534-2901229,Chengxiang,Esker,98008,2023-06-27
,Zoe,Coleman,1993-08-09,zoe.coleman@gmail.com,534-3083068,Rumburk,Tennessee,98664,2023-06-27
,Sally,Chapman,1967-03-09,sally.chapman@gmail.com,538-1563015,Nadezhda,2nd,98195,2023-06-27
,Pippa,Edmunds,1965-04-28,pippa.edmunds@gmail.com,551-1610710,âelopek,Cottonwood,98115,2023-06-27
,Audrey,Terry,2002-11-21,audrey.terry@gmail.com,544-1440278,Odzi,Dryden,98442,2023-06-27
,Andrew,Bower,2008-10-19,andrew.bower@gmail.com,534-3072222,Budapest,Harbort,98158,2023-06-27
,Theresa,Bailey,1998-09-26,theresa.bailey@gmail.com,546-1135809,Granja,Dryden,98158,2023-06-27
,Amanda,Young,2001-09-14,amanda.young@gmail.com,551-1719243,Leworook,Pine View,98195,2023-06-27
,Jennifer,Fraser,1980-05-16,jennifer.fraser@gmail.com,537-2003648,Tilburg,Talmadge,98185,2023-06-27
,Sue,Quinn,1986-05-30,sue.quinn@gmail.com,555-1504945,Karolino-Buhaz,Mandrake,98442,2023-06-27
,Una,Grant,2012-03-12,una.grant@gmail.com,543-2407217,Ngô ??ng,Jay,98115,2023-06-27
,Peter,Fisher,1980-10-27,peter.fisher@gmail.com,539-1439421,Pinh?o,Cambridge,98175,2023-06-27
,Sean,McGrath,1971-08-24,sean.mcgrath@gmail.com,555-2731401,Cotahuasi,Weeping Birch,98158,2023-06-27
,Phil,Berry,1994-12-30,phil.berry@gmail.com,553-1436033,Mandiana,Stang,98447,2023-06-27
,Michael,Gill,1972-07-20,michael.gill@gmail.com,554-1348512,Sincé,Valley Edge,98115,2023-06-27
,Benjamin,Churchill,2003-07-18,benjamin.churchill@gmail.com,530-2052431,Camacha,Nova,98109,2023-06-27
,Claire,Wilson,1993-05-15,claire.wilson@gmail.com,533-1293893,Koblain,Johnson,98115,2023-06-27
,Andrew,Hodges,1985-02-02,andrew.hodges@gmail.com,530-1261358,Huwei,Barby,98175,2023-06-27
,Lily,Clark,2007-11-09,lily.clark@gmail.com,543-1759151,Pluak Daeng,Logan,98148,2023-06-27
,Theresa,Hart,1989-02-27,theresa.hart@gmail.com,551-1455212,Guarulhos,Superior,98140,2023-06-27
,Lily,Graham,1965-11-23,lily.graham@gmail.com,554-2683561,Mumen,Village,98687,2023-06-27
,Gabrielle,Scott,1978-10-18,gabrielle.scott@gmail.com,532-2294043,Denver,Killdeer,98158,2023-06-27
,Abigail,Clark,1988-12-20,abigail.clark@gmail.com,555-1950403,Las Vegas,Crescent Oaks,98442,2023-06-27
,Lauren,Martin,1970-07-26,lauren.martin@gmail.com,546-1519331,Nandulehe,Karstens,98104,2023-06-27
,Kylie,Rutherford,1964-01-30,kylie.rutherford@gmail.com,552-1550576,Aíyira,Nevada,98664,2023-06-27
,Eric,Gill,1990-04-08,eric.gill@gmail.com,546-1909300,San Andres,Heffernan,98175,2023-06-27
,Megan,Abraham,1990-11-30,megan.abraham@gmail.com,552-2390338,Kondinskoye,Sheridan,98464,2023-06-27
,Isaac,McGrath,1979-11-24,isaac.mcgrath@gmail.com,552-2571685,Puerto Rico,Dunning,98115,2023-06-27
,Ryan,Ince,1986-04-12,ryan.ince@gmail.com,537-1626598,Magtangol,North,98405,2023-06-27
,Edward,Henderson,2001-01-23,edward.henderson@gmail.com,533-1310372,Kose,Loomis,98148,2023-06-27
,Jennifer,Peters,1977-05-07,jennifer.peters@gmail.com,544-1774128,Cipaku,Debra,98464,2023-06-27
,Trevor,Henderson,1985-10-13,trevor.henderson@gmail.com,555-1396284,Whitehorse,Judy,98148,2023-06-27
,Max,Brown,2008-09-25,max.brown@gmail.com,545-2726794,Jatipamor,Mitchell,98185,2023-06-27
,Emily,Russell,1990-05-14,emily.russell@gmail.com,536-1118021,Wanxian,Monterey,98687,2023-06-27
,Sebastian,Mackenzie,1960-12-08,sebastian.mackenzie@gmail.com,534-1279121,Cisalak,Ridge Oak,98682,2023-06-27
,Phil,Ball,1999-09-14,phil.ball@gmail.com,545-1868803,Zator,Sunfield,98447,2023-06-27
,Eric,Sutherland,1973-11-27,eric.sutherland@gmail.com,538-2046251,Zhongluotan,Stephen,98442,2023-06-27
,Caroline,Bell,1963-07-16,caroline.bell@gmail.com,536-2238863,Hongjiang,Kedzie,98008,2023-06-27
,Bella,Hamilton,1983-08-23,bella.hamilton@gmail.com,550-1219199,Tawau,Warrior,98158,2023-06-27
,Carl,Alsop,1972-05-12,carl.alsop@gmail.com,543-2291213,Chengxiang,Daystar,98442,2023-06-27
,Evan,Marshall,1978-07-29,evan.marshall@gmail.com,543-2274394,Rumburk,Pankratz,98516,2023-06-27
,Phil,McLean,1984-11-03,phil.mclean@gmail.com,535-1950632,Nadezhda,Vidon,98405,2023-06-27
,Joseph,Poole,1975-06-07,joseph.poole@gmail.com,554-2230678,âelopek,Hintze,98405,2023-06-27
,Elizabeth,Hughes,2000-06-02,elizabeth.hughes@gmail.com,530-1621949,Odzi,Dayton,98185,2023-06-27
,Maria,Sharp,1966-06-03,maria.sharp@gmail.com,555-2349312,Budapest,Hayes,98175,2023-06-27
,Leah,McDonald,1984-03-05,leah.mcdonald@gmail.com,535-1539083,Granja,Arkansas,98516,2023-06-27
,Sam,Bell,1995-05-15,sam.bell@gmail.com,547-1692783,Leworook,Jana,98682,2023-06-27
,Caroline,Piper,1960-06-07,caroline.piper@gmail.com,534-3036685,Tilburg,Saint Paul,98464,2023-06-27
,James,Rutherford,1975-10-07,james.rutherford@gmail.com,536-3090005,Karolino-Buhaz,Heffernan,98008,2023-06-27
,Theresa,Young,1993-05-12,theresa.young@gmail.com,543-1556688,Ngô ??ng,2nd,98195,2023-06-27
,Christopher,Murray,1987-05-06,christopher.murray@gmail.com,542-1606160,Cipaku,Hoffman,98104,2023-06-27
,Joseph,Young,1985-05-24,joseph.young@gmail.com,555-2598178,Whitehorse,Springs,98682,2023-06-27
,Isaac,Randall,1978-01-25,isaac.randall@gmail.com,536-3321149,Jatipamor,American,98175,2023-06-27
,Christopher,Burgess,1972-08-28,christopher.burgess@gmail.com,530-1388043,Wanxian,Larry,98405,2023-06-27
,Edward,Carr,1974-08-09,edward.carr@gmail.com,552-1338730,Cisalak,Badeau,98115,2023-06-27
,Dorothy,Churchill,1983-08-22,dorothy.churchill@gmail.com,538-1994798,Zator,Morrow,98464,2023-06-27
,Leonard,Robertson,1992-05-28,leonard.robertson@gmail.com,547-2050588,Zhongluotan,Dawn,98115,2023-06-27
,Kylie,Wilson,1995-01-28,kylie.wilson@gmail.com,543-2500831,Hongjiang,Merry,98442,2023-06-27
,Matt,Buckland,1982-10-14,matt.buckland@gmail.com,554-2087017,Tawau,Kim,98175,2023-06-27
,Natalie,Ogden,1999-09-05,natalie.ogden@gmail.com,545-2056260,Chengxiang,Lien,98195,2023-06-27
,Audrey,Oliver,1978-12-28,audrey.oliver@gmail.com,532-1850954,Rumburk,Hoard,98104,2023-06-27
,Alexander,Fraser,1974-10-12,alexander.fraser@gmail.com,542-1924915,Nadezhda,Jana,98008,2023-06-27
,Boris,Davies,1997-09-16,boris.davies@gmail.com,537-1366569,âelopek,Moulton,98185,2023-06-27
,Madeleine,Knox,2011-08-06,madeleine.knox@gmail.com,552-1587130,Si Ma Cai,Prairie Rose,98664,2023-06-27
,Nicola,Wilkins,1966-07-26,nicola.wilkins@gmail.com,534-1555597,Palmira,Darwin,98115,2023-06-27
,Sonia,Hardacre,1970-05-26,sonia.hardacre@gmail.com,555-2194462,Aygepat,Randy,98405,2023-06-27
,Sally,Anderson,1970-01-04,sally.anderson@gmail.com,552-2765738,Dulangan,Swallow,98464,2023-06-27
,Sonia,Cornish,1972-01-11,sonia.cornish@gmail.com,534-1984146,Taibai,Starling,98682,2023-06-27
,Maria,King,1988-02-01,maria.king@gmail.com,547-2104339,Bragan?a,Fulton,98140,2023-06-27
,Carolyn,Langdon,1965-12-23,carolyn.langdon@gmail.com,547-1335276,Gamawa,Old Shore,98687,2023-06-27
,Alexander,Campbell,2004-07-22,alexander.campbell@gmail.com,539-1326225,Sheffield,Memorial,98185,2023-06-27
,Stewart,Mathis,1975-12-26,stewart.mathis@gmail.com,547-2083916,Ibotirama,Talisman,98682,2023-06-27
,Stephanie,Martin,2002-05-29,stephanie.martin@gmail.com,542-1117775,Nogueira do Cravo,Novick,98104,2023-06-27
,Phil,MacLeod,2007-09-15,phil.macleod@gmail.com,546-1530398,SoÊno,Old Shore,98104,2023-06-27
,Mary,Dyer,1971-11-17,mary.dyer@gmail.com,554-2233814,Domanín,Claremont,98109,2023-06-27
,Bernadette,Allan,1989-06-04,bernadette.allan@gmail.com,546-1852958,Messina,Steensland,98664,2023-06-27
,Lauren,Howard,1967-06-14,lauren.howard@gmail.com,547-1337743,Encontrados,Lakeland,98104,2023-06-27
,Harry,Newman,1965-12-28,harry.newman@gmail.com,543-1473209,Cipaku,Morningstar,98664,2023-06-27
,Justin,Newman,1967-03-07,justin.newman@gmail.com,536-4099443,Whitehorse,Namekagon,98008,2023-06-27
,Sean,Peters,1999-08-08,sean.peters@gmail.com,534-2973843,Jatipamor,Delladonna,98464,2023-06-27
,Nathan,Reid,2010-08-04,nathan.reid@gmail.com,555-3521816,Wanxian,Division,98464,2023-06-27
,Molly,Glover,1973-06-11,molly.glover@gmail.com,534-1983336,Cisalak,Miller,98109,2023-06-27
,Kimberly,Black,1974-12-18,kimberly.black@gmail.com,543-1993186,Zator,8th,98664,2023-06-27
,Neil,Nash,1992-08-05,neil.nash@gmail.com,531-2039102,Zhongluotan,Golden Leaf,98664,2023-06-27
,Victoria,Nash,2014-11-04,victoria.nash@gmail.com,537-1765632,Hongjiang,Service,98682,2023-06-27
,Joe,Nolan,1963-08-14,joe.nolan@gmail.com,535-2092717,Tawau,Fuller,98447,2023-06-27
,Faith,Nash,1990-01-10,faith.nash@gmail.com,545-2365987,Chengxiang,Sachs,98175,2023-06-27
,Luke,Anderson,2011-06-07,luke.anderson@gmail.com,547-1894252,Rumburk,Clove,98175,2023-06-27
,Steven,McGrath,1974-07-09,steven.mcgrath@gmail.com,552-1256145,Nadezhda,Mockingbird,98008,2023-06-27
,Theresa,Avery,1983-06-06,theresa.avery@gmail.com,536-2669099,âelopek,Morningstar,98687,2023-06-27
,Sarah,White,1982-12-20,sarah.white@gmail.com,531-1586712,Odzi,Lakeland,98464,2023-06-27
,Penelope,Brown,1990-11-29,penelope.brown@gmail.com,536-1883439,Budapest,Ludington,98464,2023-06-27
,Katherine,Reid,1986-07-28,katherine.reid@gmail.com,554-1310192,Granja,Spohn,98008,2023-06-27
,Amelia,Scott,1984-05-25,amelia.scott@gmail.com,551-1607590,Leworook,Stoughton,98109,2023-06-27
,Paul,Simpson,1977-01-11,paul.simpson@gmail.com,543-2686985,Tilburg,Hagan,98682,2023-06-27
,Jonathan,Vance,1977-09-27,jonathan.vance@gmail.com,552-1536755,Karolino-Buhaz,Porter,98664,2023-06-27
,Phil,Avery,2012-08-18,phil.avery@gmail.com,532-1201023,Ngô ??ng,Gerald,98442,2023-06-27
,Zoe,Howard,2013-07-31,zoe.howard@gmail.com,554-1235522,Cipaku,Graceland,98195,2023-06-27
,Eric,Rutherford,1976-04-11,eric.rutherford@gmail.com,555-4019834,Whitehorse,Buena Vista,98140,2023-06-27
,Emma,Miller,2013-04-01,emma.miller@gmail.com,550-1899038,Jatipamor,Park Meadow,98682,2023-06-27
,Jonathan,Ferguson,1986-04-28,jonathan.ferguson@gmail.com,530-1250577,Wanxian,Toban,98442,2023-06-27
,Oliver,Kerr,1967-07-28,oliver.kerr@gmail.com,536-3936497,Cisalak,Hauk,98442,2023-06-27
,Ian,Duncan,1981-10-21,ian.duncan@gmail.com,535-1722082,Zator,Iowa,98442,2023-06-27
,Christian,Ogden,1991-06-15,christian.ogden@gmail.com,555-3467610,Zhongluotan,Pleasure,98109,2023-06-27
,Neil,Stewart,1990-01-25,neil.stewart@gmail.com,537-1187277,Hongjiang,New Castle,98687,2023-06-27
,Keith,Nash,1963-12-28,keith.nash@gmail.com,541-1918629,Tawau,Vera,98687,2023-06-27
,Owen,Lyman,1989-10-26,owen.lyman@gmail.com,536-2244158,Chengxiang,Eliot,98405,2023-06-27
,Rachel,Scott,1993-05-27,rachel.scott@gmail.com,538-1175850,Rumburk,Redwing,98109,2023-06-27
,Sam,Thomson,1981-12-10,sam.thomson@gmail.com,552-1424356,Nadezhda,Sherman,98464,2023-06-27
,Samantha,Ellison,1962-08-20,samantha.ellison@gmail.com,536-3393122,âelopek,Twin Pines,98008,2023-06-27
,Kylie,MacLeod,1973-09-10,kylie.macleod@gmail.com,536-4001803,Libei,Onsgard,98104,2023-06-27
,Joe,Rutherford,1972-03-07,joe.rutherford@gmail.com,536-3754680,Albacete,Montana,98447,2023-06-27
,Lisa,Underwood,1960-05-19,lisa.underwood@gmail.com,546-1139887,Anju,Utah,98008,2023-06-27
,Kylie,Greene,1973-05-03,kylie.greene@gmail.com,552-2172371,Caparrapí,Oak Valley,98687,2023-06-27
,Ella,Lawrence,1966-03-26,ella.lawrence@gmail.com,555-1371908,Ivoti,Mayfield,98140,2023-06-27
,Bernadette,Metcalfe,2005-12-01,bernadette.metcalfe@gmail.com,547-1672414,Katur,Anzinger,98185,2023-06-27
,Robert,Langdon,2007-12-16,robert.langdon@gmail.com,545-2745530,Nunhala,Ludington,98104,2023-06-27
,Phil,Tucker,1975-12-23,phil.tucker@gmail.com,538-1237488,Cruz del Eje,Esch,98104,2023-06-27
,Olivia,Quinn,1999-06-21,olivia.quinn@gmail.com,536-3622285,Virden,Hansons,98158,2023-06-27
,Maria,Reid,1980-08-31,maria.reid@gmail.com,531-1797729,Lelystad,Heath,98682,2023-06-27
,Kimberly,Parr,1987-04-12,kimberly.parr@gmail.com,536-1804078,Cigedang,Butterfield,98447,2023-06-27
,Rachel,Ogden,1999-06-23,rachel.ogden@gmail.com,552-2779709,Bandhagen,Ridgeview,98687,2023-06-27
,Bernadette,Davies,1962-09-08,bernadette.davies@gmail.com,532-1264391,Caaguazú,Wayridge,98682,2023-06-27
,Sonia,Gill,1972-05-13,sonia.gill@gmail.com,533-1810747,Bilyayivka,Jackson,98405,2023-06-27
,Leah,Black,1994-09-14,leah.black@gmail.com,530-1651915,Ladozhskaya,Cherokee,98008,2023-06-27
,Michelle,McGrath,2004-06-17,michelle.mcgrath@gmail.com,539-1781185,Klapagading,Sachs,98687,2023-06-27
,Angela,Ogden,2006-04-07,angela.ogden@gmail.com,553-1442968,K? Anh,Hovde,98115,2023-06-27
,Virginia,Glover,1968-07-27,virginia.glover@gmail.com,538-1525014,Åsht¥Çn,6th,98008,2023-06-27
,Angela,Reid,1973-09-08,angela.reid@gmail.com,554-1788988,Farkhor,Donald,98405,2023-06-27
,Jacob,Blake,1971-09-29,jacob.blake@gmail.com,546-1901238,Aricapampa,Basil,98516,2023-06-27
,Stewart,Nash,1973-05-18,stewart.nash@gmail.com,547-1356863,Uherce Mineralne,Brown,98104,2023-06-27
,Victoria,Hodges,1981-12-30,victoria.hodges@gmail.com,536-1506865,Horodnytsya,Cherokee,98008,2023-06-27
,Kylie,Pullman,1974-04-16,kylie.pullman@gmail.com,550-1707181,Xiagong,Emmet,98442,2023-06-27
,Peter,Harris,1981-06-14,peter.harris@gmail.com,547-1449311,Kamwenge,Fisk,98447,2023-06-27
,Amanda,Graham,1967-02-11,amanda.graham@gmail.com,538-1980254,Patzicía,Service,98195,2023-06-27
,Diana,Vaughan,2015-11-09,diana.vaughan@gmail.com,535-2008791,Hehu,Mayer,98405,2023-06-27
,Vanessa,Lee,1972-11-17,vanessa.lee@gmail.com,555-1164105,Panacan,Del Sol,98195,2023-06-27
,Matt,Poole,2001-08-04,matt.poole@gmail.com,553-1569213,Cigebrok,Anthes,98464,2023-06-27
,Ava,Pullman,1972-10-18,ava.pullman@gmail.com,551-1293707,Semypolky,Almo,98148,2023-06-27
,Richard,Taylor,2012-10-23,richard.taylor@gmail.com,533-1302417,Banjar Peguyangan,Sugar,98185,2023-06-27
,Alexander,Springer,1969-01-13,alexander.springer@gmail.com,547-1611165,Ibiá,Marquette,98464,2023-06-27
,Sue,Powell,1989-10-29,sue.powell@gmail.com,555-4168602,Postﬁelmov,Norway Maple,98175,2023-06-27
,Nathan,King,1975-03-16,nathan.king@gmail.com,536-4003168,Muyuzi,Petterle,98158,2023-06-27
,Edward,Metcalfe,1964-12-19,edward.metcalfe@gmail.com,533-2029428,Pirallah?,Mallory,98464,2023-06-27
,Emma,Duncan,1963-01-16,emma.duncan@gmail.com,541-1828728,Saint Paul,Kedzie,98682,2023-06-27
,Vanessa,Underwood,2003-08-04,vanessa.underwood@gmail.com,538-2092340,???????,Graedel,98185,2023-06-27
,Sarah,Arnold,1965-07-16,sarah.arnold@gmail.com,536-3245502,Semampirbarat,Eagle Crest,98687,2023-06-27
,Lisa,Watson,2003-04-06,lisa.watson@gmail.com,541-1834402,Reston,Hansons,98008,2023-06-27
,Max,Pullman,1961-01-07,max.pullman@gmail.com,536-3972178,Allealle,Burrows,98687,2023-06-27
,Amanda,Forsyth,1977-12-14,amanda.forsyth@gmail.com,550-1807748,Sinegor'ye,Eagan,98148,2023-06-27
,Faith,Davies,1998-12-19,faith.davies@gmail.com,545-1864906,Weizhou,Maple,98664,2023-06-27
,Julia,White,1974-04-04,julia.white@gmail.com,545-1310854,Wonocolo,Golden Leaf,98516,2023-06-27
,Madeleine,Bailey,1988-06-07,madeleine.bailey@gmail.com,550-1886016,Evansville,American,98185,2023-06-27
,Matt,Paterson,1989-05-04,matt.paterson@gmail.com,533-1791475,Dzhayrakh,Porter,98442,2023-06-27
,Victor,Alsop,1973-12-17,victor.alsop@gmail.com,543-1915548,Papetoai,Homewood,98195,2023-06-27
,Penelope,Gibson,1990-04-22,penelope.gibson@gmail.com,541-1346248,Portela,Esch,98464,2023-06-27
,Sam,Ball,2006-11-20,sam.ball@gmail.com,542-1347014,Kru‰evac,Troy,98195,2023-06-27
,Steven,Sutherland,1972-05-01,steven.sutherland@gmail.com,551-1206490,Kárystos,Bonner,98464,2023-06-27
,Yvonne,Howard,2000-11-20,yvonne.howard@gmail.com,532-2569128,Valdivia,Red Cloud,98405,2023-06-27
,Christian,Cameron,2014-06-10,christian.cameron@gmail.com,536-1946825,Dahua,Buhler,98185,2023-06-27
,Oliver,Campbell,2004-05-08,oliver.campbell@gmail.com,550-1461143,Shuitou,Waubesa,98008,2023-06-27
,Liam,Graham,1976-08-31,liam.graham@gmail.com,535-1867611,Bronx,Maple,98109,2023-06-27
,Trevor,Poole,1967-08-14,trevor.poole@gmail.com,533-1783558,Pandansari,Blackbird,98104,2023-06-27
,Heather,Morgan,1992-11-07,heather.morgan@gmail.com,555-1944980,Apengjiang,Mosinee,98104,2023-06-27
,Felicity,Ince,1989-03-26,felicity.ince@gmail.com,555-2122133,Sallanches,La Follette,98687,2023-06-27
,Donna,Lewis,2002-08-13,donna.lewis@gmail.com,552-1734834,Morales,Prentice,98158,2023-06-27
,Wanda,Dowd,1992-03-01,wanda.dowd@gmail.com,534-2130561,Ziyuan,Texas,98664,2023-06-27
,Gavin,Ferguson,2007-07-21,gavin.ferguson@gmail.com,536-3186743,Jiaotan,Delaware,98148,2023-06-27
,Megan,Dickens,2010-08-23,megan.dickens@gmail.com,542-1424824,Yuncao,Cambridge,98140,2023-06-27
,Charles,MacDonald,1996-07-03,charles.macdonald@gmail.com,539-1462584,Wugong,Jenna,98140,2023-06-27
,Evan,Quinn,1977-10-19,evan.quinn@gmail.com,531-1951714,Oropós,Redwing,98185,2023-06-27
,Owen,Clarkson,1988-10-31,owen.clarkson@gmail.com,534-1114374,Zawichost,Grayhawk,98115,2023-06-27
,Jane,Ogden,2010-08-13,jane.ogden@gmail.com,553-1127990,Cill Airne,Lotheville,98104,2023-06-27
,Ava,Taylor,1968-08-27,ava.taylor@gmail.com,543-2831800,Újezd,Carpenter,98109,2023-06-27
,Mary,Duncan,1992-07-21,mary.duncan@gmail.com,534-2196034,Luz de Tavira,Vahlen,98109,2023-06-27
,Mary,Slater,1966-01-21,mary.slater@gmail.com,538-1850792,Mahuta,Elgar,98447,2023-06-27
,Victoria,Hamilton,1985-04-06,victoria.hamilton@gmail.com,536-3632275,Dazaifu,Fairview,98008,2023-06-27
,Victor,McDonald,1987-02-19,victor.mcdonald@gmail.com,531-1876346,West Palm Beach,Drewry,98109,2023-06-27
,Sam,Lee,1978-09-13,sam.lee@gmail.com,532-1853230,Terney,Gulseth,98104,2023-06-27
,Una,Jackson,1987-09-06,una.jackson@gmail.com,536-2391476,Guará,Ludington,98175,2023-06-27
,Alexander,Taylor,1962-04-11,alexander.taylor@gmail.com,533-1463976,Zhaizigou,Hermina,98148,2023-06-27
,Oliver,Johnston,1983-06-01,oliver.johnston@gmail.com,547-1208857,Kuidou,Mockingbird,98464,2023-06-27
,Colin,Edmunds,2005-04-06,colin.edmunds@gmail.com,545-2155662,Xibin,Vermont,98664,2023-06-27
,Matt,Marshall,1989-03-19,matt.marshall@gmail.com,542-1907201,Dianbu,Mcguire,98682,2023-06-27
,Warren,Vaughan,1992-11-11,warren.vaughan@gmail.com,536-3949979,Moa,Spaight,98464,2023-06-27
,Matt,Fraser,2004-07-28,matt.fraser@gmail.com,533-1940815,High Point,Northland,98687,2023-06-27
,Caroline,Churchill,1970-12-21,caroline.churchill@gmail.com,552-2763979,Doom,Debra,98175,2023-06-27
,Charles,MacLeod,1984-11-07,charles.macleod@gmail.com,534-3104489,Atipuluhan,Canary,98464,2023-06-27
,Andrea,North,1962-01-26,andrea.north@gmail.com,550-1208959,Agua Buena,Darwin,98464,2023-06-27
,Natalie,Allan,1989-02-03,natalie.allan@gmail.com,531-1934781,Staromyshastovskaya,Hoepker,98195,2023-06-27
,Andrew,Glover,1973-09-04,andrew.glover@gmail.com,537-1435781,Mayisad,Mayer,98195,2023-06-27
,Boris,May,1976-04-01,boris.may@gmail.com,543-2915169,Rautjärvi,Clemons,98115,2023-06-27
,Sonia,Smith,1987-07-20,sonia.smith@gmail.com,547-1433212,Toshkivka,Merchant,98516,2023-06-27
,Edward,Black,1981-11-23,edward.black@gmail.com,555-4479602,Aygek,Westend,98109,2023-06-27
,Irene,Metcalfe,2012-07-25,irene.metcalfe@gmail.com,552-1384835,Qiewa,Katie,98140,2023-06-27
,Neil,Gill,1974-12-03,neil.gill@gmail.com,554-1984321,Ouro Preto,Jenna,98158,2023-06-27
,Connor,Dickens,1989-12-05,connor.dickens@gmail.com,547-2011882,Jiaokou,Annamark,98687,2023-06-27
,David,Brown,1976-03-17,david.brown@gmail.com,539-1617591,Sison,Old Gate,98104,2023-06-27
,Felicity,Sharp,1985-08-13,felicity.sharp@gmail.com,536-1283245,Kuishan,Monterey,98664,2023-06-27
,Jake,Mitchell,1975-08-18,jake.mitchell@gmail.com,535-2060202,Bouabout,Kinsman,98464,2023-06-27
,Donna,Parsons,2001-06-24,donna.parsons@gmail.com,543-2739593,Annonay,Mendota,98516,2023-06-27
,Alexander,Sanderson,1978-10-19,alexander.sanderson@gmail.com,555-1209768,Igreja,Vera,98158,2023-06-27
,Christopher,Payne,1978-11-06,christopher.payne@gmail.com,536-2252174,Seraya,Linden,98687,2023-06-27
,Warren,Paterson,2008-12-30,warren.paterson@gmail.com,555-4358531,Altavista,Monument,98464,2023-06-27
,Nicola,Harris,2000-11-02,nicola.harris@gmail.com,536-3224437,Mamponteng,Tennyson,98185,2023-06-27
,Ella,Dyer,1991-07-08,ella.dyer@gmail.com,554-1458611,Nh?n Tr?ch,Independence,98442,2023-06-27
,Lillian,Clark,1981-10-18,lillian.clark@gmail.com,543-1445425,Dapdap,Straubel,98682,2023-06-27
,Carl,Harris,1961-03-16,carl.harris@gmail.com,545-1929169,Paitan Este,Westend,98447,2023-06-27
,Colin,Forsyth,1987-10-08,colin.forsyth@gmail.com,544-1262295,Aromashevo,Hanover,98442,2023-06-27
,Jonathan,Blake,1960-03-27,jonathan.blake@gmail.com,545-1386396,Dongdu,Glacier Hill,98195,2023-06-27
,Faith,Blake,1998-12-12,faith.blake@gmail.com,551-1564589,Panganiban,Anthes,98185,2023-06-27
,James,Kelly,1966-10-12,james.kelly@gmail.com,551-1634763,West Palm Beach,Acker,98405,2023-06-27
,Lisa,Short,1990-06-01,lisa.short@gmail.com,545-2005222,Zhangjiahe,International,98442,2023-06-27
,Adrian,Lewis,2007-01-30,adrian.lewis@gmail.com,537-1856292,Jaciara,Talisman,98104,2023-06-27
,Ava,Bailey,1993-03-23,ava.bailey@gmail.com,539-1659480,Huurch,Tennessee,98442,2023-06-27
,Jessica,Slater,1960-02-26,jessica.slater@gmail.com,555-2986457,Luka nad Jihlavou,Hazelcrest,98682,2023-06-27
,Harry,Cornish,1980-04-04,harry.cornish@gmail.com,551-1553400,Talok,Graceland,98185,2023-06-27
,Edward,Slater,2010-08-26,edward.slater@gmail.com,541-1487354,Dar Chabanne,Riverside,98148,2023-06-27
,Austin,Lee,1962-12-10,austin.lee@gmail.com,555-2345800,Cabrero,Magdeline,98506,2023-06-27
,Vanessa,James,1983-01-28,vanessa.james@gmail.com,538-2080021,Umuquena,Reindahl,98195,2023-06-27
,Jonathan,Wright,1991-01-01,jonathan.wright@gmail.com,536-1685350,Xinghe Chengguanzhen,Derek,98447,2023-06-27
,Harry,Ball,1974-09-11,harry.ball@gmail.com,536-3059375,Uglegorsk,Haas,98464,2023-06-27
,Megan,Baker,1977-05-31,megan.baker@gmail.com,533-2050693,Chinhoyi,West,98109,2023-06-27
,Melanie,Dyer,1965-06-15,melanie.dyer@gmail.com,547-1541663,Barberton,Jay,98158,2023-06-27
,Keith,Henderson,2013-11-22,keith.henderson@gmail.com,545-2347545,Dordrecht,Karstens,98195,2023-06-27
,Leonard,Terry,1964-06-29,leonard.terry@gmail.com,536-2825654,Putina,Hayes,98158,2023-06-27
,Stephanie,Ellison,2010-09-01,stephanie.ellison@gmail.com,552-2640015,Cabreúva,Straubel,98185,2023-06-27
,Anna,Dyer,1967-04-18,anna.dyer@gmail.com,544-1773840,Fush?kuqe,Monument,98687,2023-06-27
,Virginia,Carr,1990-04-12,virginia.carr@gmail.com,533-1190054,Chagoda,Warrior,98158,2023-06-27
,Lily,Peake,1981-06-28,lily.peake@gmail.com,535-1130867,Callahuanca,Mifflin,98109,2023-06-27
,Michael,Davies,1983-03-25,michael.davies@gmail.com,541-1284012,Aldana,Doe Crossing,98447,2023-06-27
,Oliver,White,1993-06-30,oliver.white@gmail.com,554-1557142,Carpentras,Morning,98682,2023-06-27
,Heather,Jackson,1980-10-03,heather.jackson@gmail.com,535-1892794,Baruta,Montana,98687,2023-06-27
,Julian,Hardacre,2007-02-01,julian.hardacre@gmail.com,554-2045423,Izyum,Shelley,98158,2023-06-27
,Melanie,Taylor,1991-04-29,melanie.taylor@gmail.com,536-4020860,Naurskaya,Iowa,98104,2023-06-27
,Andrea,Parr,1964-01-25,andrea.parr@gmail.com,536-2448441,Currais Novos,Spenser,98175,2023-06-27
,Dan,Kerr,1987-11-27,dan.kerr@gmail.com,555-1411153,Guicheng,Reindahl,98682,2023-06-27
,Grace,Hardacre,1978-02-21,grace.hardacre@gmail.com,552-1382381,Stare Miasto,Corry,98115,2023-06-27
,Kimberly,Ball,1985-01-27,kimberly.ball@gmail.com,541-1737327,Requena,Loftsgordon,98195,2023-06-27
,Diana,Buckland,1981-08-27,diana.buckland@gmail.com,555-2884532,Sapeken,Monument,98506,2023-06-27
,Andrea,Simpson,2014-02-16,andrea.simpson@gmail.com,534-1967847,Cartagena,Spohn,98104,2023-06-27
,Kimberly,Lambert,1966-10-26,kimberly.lambert@gmail.com,547-1450735,Wuling,Blue Bill Park,98148,2023-06-27
,Donna,Bower,2010-02-09,donna.bower@gmail.com,552-2588460,TÇnsen,3rd,98442,2023-06-27
,Sally,Slater,2014-10-15,sally.slater@gmail.com,537-1893833,Pinghu,Memorial,98405,2023-06-27
,Brandon,King,1973-08-31,brandon.king@gmail.com,536-1201646,Henglin,Trailsway,98687,2023-06-27
,Sophie,Vance,1987-11-04,sophie.vance@gmail.com,543-2487266,Guadalupe,Hallows,98104,2023-06-27
,Sebastian,Lewis,1963-09-04,sebastian.lewis@gmail.com,538-1203603,Bilyayivka,Holmberg,98104,2023-06-27
,Julian,Ince,1996-08-30,julian.ince@gmail.com,536-3572228,Ladozhskaya,Luster,98516,2023-06-27
,Jane,Bell,1961-07-02,jane.bell@gmail.com,545-2246590,Klapagading,Steensland,98148,2023-06-27
,Joseph,Payne,2015-08-08,joseph.payne@gmail.com,533-1678542,K? Anh,Redwing,98464,2023-06-27
,Neil,Jones,1971-06-08,neil.jones@gmail.com,552-1195266,Åsht¥Çn,Pine View,98185,2023-06-27
,Kylie,Wallace,1997-05-15,kylie.wallace@gmail.com,555-3129729,Farkhor,Jackson,98464,2023-06-27
,Sarah,Terry,1987-05-21,sarah.terry@gmail.com,546-1412832,Aricapampa,Shoshone,98687,2023-06-27
,Robert,Johnston,1998-02-09,robert.johnston@gmail.com,543-1483107,Uherce Mineralne,Prentice,98115,2023-06-27
,Sally,Sutherland,1963-03-25,sally.sutherland@gmail.com,555-4466996,Horodnytsya,Summer Ridge,98664,2023-06-27
,Donna,McGrath,1981-04-14,donna.mcgrath@gmail.com,545-1180094,Xiagong,Tennessee,98516,2023-06-27
,Joe,Hill,1984-07-29,joe.hill@gmail.com,550-1434081,Kamwenge,Mccormick,98682,2023-06-27
,Penelope,Clark,1962-12-05,penelope.clark@gmail.com,545-2653425,Patzicía,Jackson,98442,2023-06-27
,Isaac,Bond,1968-05-16,isaac.bond@gmail.com,555-2685594,Hehu,Trailsway,98682,2023-06-27
,Owen,Clark,1979-05-15,owen.clark@gmail.com,531-1437661,Panacan,Morrow,98185,2023-06-27
,Jan,Fisher,2011-07-29,jan.fisher@gmail.com,539-1909671,Cigebrok,Petterle,98405,2023-06-27
,Samantha,Lawrence,2013-09-22,samantha.lawrence@gmail.com,550-1845914,Semypolky,Cottonwood,98447,2023-06-27
,Natalie,Graham,2007-06-08,natalie.graham@gmail.com,543-1160882,Banjar Peguyangan,Fairfield,98185,2023-06-27
,Austin,McGrath,2012-05-14,austin.mcgrath@gmail.com,538-1767203,Ibiá,Sloan,98185,2023-06-27
,Maria,Black,2014-06-19,maria.black@gmail.com,539-1955201,Gaoqiaolou,Muir,98140,2023-06-27
,Donna,Parr,1978-09-06,donna.parr@gmail.com,536-2119096,Peruíbe,Westridge,98008,2023-06-27
,Wendy,Piper,2003-05-19,wendy.piper@gmail.com,552-2533349,RMI Capitol,Emmet,98506,2023-06-27
,David,Bailey,1986-03-19,david.bailey@gmail.com,554-2658188,Shizikeng,Hintze,98687,2023-06-27
,Andrew,North,1984-05-11,andrew.north@gmail.com,536-1436523,Khuma,Westridge,98664,2023-06-27
,Emily,Kelly,2008-08-15,emily.kelly@gmail.com,535-1731779,Taoyuan,Sycamore,98104,2023-06-27
,Ryan,Rutherford,1962-03-22,ryan.rutherford@gmail.com,551-1476455,Emiliano Zapata,Artisan,98195,2023-06-27
,William,Tucker,2000-02-25,william.tucker@gmail.com,544-1479962,Sh¥eli,Glendale,98682,2023-06-27
,Bernadette,White,1968-02-26,bernadette.white@gmail.com,538-1145045,Hepo,Nobel,98516,2023-06-27
,Robert,Mackay,1993-11-22,robert.mackay@gmail.com,546-1472309,ArÇk,Dayton,98115,2023-06-27
,Penelope,Peake,1971-01-26,penelope.peake@gmail.com,532-1831094,Russkaya Polyana,Arizona,98148,2023-06-27
,Amelia,King,1995-01-25,amelia.king@gmail.com,538-1946989,Wuquan,Kennedy,98148,2023-06-27
,Jason,Harris,2015-07-04,jason.harris@gmail.com,539-1548750,Yamethin,Schiller,98682,2023-06-27
,Bella,Skinner,2003-11-20,bella.skinner@gmail.com,542-1852958,Ágios Athanásios,Farmco,98464,2023-06-27
,Steven,Young,1989-07-13,steven.young@gmail.com,554-2094320,Kubang,Waywood,98464,2023-06-27
,Olivia,Chapman,1984-01-23,olivia.chapman@gmail.com,554-2341664,Mpulungu,Hansons,98104,2023-06-27
,Lisa,Parsons,1986-04-12,lisa.parsons@gmail.com,531-1724185,Kostyantynivka,Sunbrook,98664,2023-06-27
,Diana,Smith,1976-08-20,diana.smith@gmail.com,536-3101097,Goma,4th,98516,2023-06-27
,Colin,Peake,1974-07-23,colin.peake@gmail.com,534-2522306,Pigí,Eastlawn,98115,2023-06-27
,Justin,Ball,1977-01-04,justin.ball@gmail.com,554-1498255,Killam,Ilene,98516,2023-06-27
,Jake,Dickens,1974-02-06,jake.dickens@gmail.com,532-1474250,Novo Horizonte,Hauk,98109,2023-06-27
,Amanda,Welch,1967-01-25,amanda.welch@gmail.com,542-1732689,Tetaf,Mockingbird,98104,2023-06-27
,Luke,Lee,2005-12-14,luke.lee@gmail.com,545-1489230,Zhongdong,Memorial,98008,2023-06-27
,Dylan,Lee,1973-07-03,dylan.lee@gmail.com,550-1198997,Stockholm,Brentwood,98506,2023-06-27
,Jane,Ellison,2011-07-10,jane.ellison@gmail.com,537-1334514,Sundsvall,Nancy,98516,2023-06-27
,Alan,Jackson,1964-06-15,alan.jackson@gmail.com,536-1715595,Nong Bua Daeng,Transport,98175,2023-06-27
,Luke,Carr,1965-11-04,luke.carr@gmail.com,531-2058618,Zoumachang,Mifflin,98506,2023-06-27
,Charles,Thomson,1991-12-21,charles.thomson@gmail.com,537-1511229,Enschede,Holy Cross,98442,2023-06-27
,Grace,Greene,2002-03-16,grace.greene@gmail.com,530-1823441,Gubengairlangga,Moose,98158,2023-06-27
,Ava,Forsyth,2007-03-05,ava.forsyth@gmail.com,545-1609170,Providencia,Gulseth,98664,2023-06-27
,Ava,Hudson,1989-06-06,ava.hudson@gmail.com,545-2442549,Beitan,Continental,98008,2023-06-27
,Jasmine,Carr,1978-08-12,jasmine.carr@gmail.com,544-1530533,Sharga,Basil,98185,2023-06-27
,Faith,McDonald,2008-06-20,faith.mcdonald@gmail.com,554-1327788,Timurjaya,Linden,98405,2023-06-27
,Robert,Reid,1985-12-03,robert.reid@gmail.com,539-1730678,Pechora,Sachs,98104,2023-06-27
,Jan,Powell,1983-09-12,jan.powell@gmail.com,545-2444229,Ennery,Springview,98008,2023-06-27
,Virginia,Sanderson,1980-11-09,virginia.sanderson@gmail.com,536-2521754,Handa,Westport,98664,2023-06-27
,Owen,Hamilton,1991-11-01,owen.hamilton@gmail.com,545-1773851,Saint-Pierre,Sheridan,98109,2023-06-27
,Jasmine,Taylor,1967-05-13,jasmine.taylor@gmail.com,535-1468504,Po∏aniec,Fisk,98109,2023-06-27
,Karen,Sharp,1997-06-07,karen.sharp@gmail.com,555-1477567,Dauphin,Daystar,98516,2023-06-27
,Diana,Walsh,1996-04-10,diana.walsh@gmail.com,553-1900743,Phultala,Raven,98506,2023-06-27
,Stephen,Welch,1972-03-21,stephen.welch@gmail.com,550-1117010,Al MiqdÇd¥yah,Jana,98687,2023-06-27
,Sue,Arnold,1990-11-01,sue.arnold@gmail.com,542-1245675,Lewograran,Elka,98104,2023-06-27
,Nicholas,Thomson,2011-07-12,nicholas.thomson@gmail.com,532-2221887,Jiaoshanhe,8th,98682,2023-06-27
,Rose,White,1979-01-22,rose.white@gmail.com,545-1884892,Yong’an,Melody,98185,2023-06-27
,Keith,Baker,2010-08-01,keith.baker@gmail.com,541-1269496,Medvedevo,Anniversary,98405,2023-06-27
,Gabrielle,Dickens,2008-04-24,gabrielle.dickens@gmail.com,531-1311852,A?u,Calypso,98148,2023-06-27
,Emma,Langdon,2000-03-12,emma.langdon@gmail.com,536-2758007,Santa Monica,Bellgrove,98104,2023-06-27
,Jasmine,Sanderson,1967-07-01,jasmine.sanderson@gmail.com,552-2949439,Fenghuang,Di Loreto,98464,2023-06-27
,Yvonne,North,1989-11-30,yvonne.north@gmail.com,544-1356361,Baxiangshan,Homewood,98140,2023-06-27
,Madeleine,Duncan,1973-08-02,madeleine.duncan@gmail.com,555-3747838,Corcuera,Scott,98664,2023-06-27
,Samantha,Howard,2015-09-06,samantha.howard@gmail.com,544-1176866,Murillo,Pine View,98148,2023-06-27
,Christopher,Howard,1963-12-07,christopher.howard@gmail.com,530-1411923,Kifr¥,Glendale,98506,2023-06-27
,Wendy,White,2003-12-20,wendy.white@gmail.com,547-1385595,Marína,Susan,98175,2023-06-27
,Chloe,Glover,1964-04-22,chloe.glover@gmail.com,542-1321353,Tushi,Kenwood,98664,2023-06-27
,Alexander,Wilkins,1979-07-28,alexander.wilkins@gmail.com,535-1287329,Glencoe,Sauthoff,98158,2023-06-27
,Cameron,Davidson,1995-09-04,cameron.davidson@gmail.com,539-1693205,Panshi,Colorado,98442,2023-06-27
,Gavin,Dowd,1999-06-27,gavin.dowd@gmail.com,531-1638003,Chropynû,Saint Paul,98687,2023-06-27
,Anna,Rutherford,1963-06-01,anna.rutherford@gmail.com,553-1305655,Chikeng,Hazelcrest,98140,2023-06-27
,Richard,Ogden,1977-07-14,richard.ogden@gmail.com,547-1316769,Fenghuang,Rowland,98447,2023-06-27
,Penelope,Henderson,1988-09-05,penelope.henderson@gmail.com,532-1478356,Sumeng,Pennsylvania,98664,2023-06-27
,Matt,Parr,1994-02-18,matt.parr@gmail.com,537-1243147,Houston,Mariners Cove,98687,2023-06-27
,Maria,Jackson,2007-06-07,maria.jackson@gmail.com,531-1897899,Ylöjärvi,Manley,98140,2023-06-27
,Lucas,Marshall,2002-02-17,lucas.marshall@gmail.com,545-1402111,Sobreda,Doe Crossing,98115,2023-06-27
,Christopher,Oliver,2009-02-27,christopher.oliver@gmail.com,535-1480379,Buenavista,Darwin,98506,2023-06-27
,Adrian,Cameron,2004-06-13,adrian.cameron@gmail.com,544-1642120,Bambang,Blaine,98195,2023-06-27
,Joseph,Edmunds,1966-06-30,joseph.edmunds@gmail.com,536-2155544,Mutoko,Birchwood,98506,2023-06-27
,Simon,Lewis,1992-08-22,simon.lewis@gmail.com,544-2033106,Tarui,Ilene,98158,2023-06-27
,Ian,Berry,1977-12-21,ian.berry@gmail.com,532-1122118,Addiet Canna,Portage,98148,2023-06-27
,Ian,James,2004-11-09,ian.james@gmail.com,555-2189651,Fakel,Gina,98104,2023-06-27
,Connor,Manning,1994-06-23,connor.manning@gmail.com,550-1689885,Tayang,Holmberg,98195,2023-06-27
,Yvonne,Hart,2006-11-05,yvonne.hart@gmail.com,552-2275699,Najin,Miller,98464,2023-06-27
,Michelle,Hemmings,2004-02-24,michelle.hemmings@gmail.com,538-1980201,Gazanjyk,Hooker,98185,2023-06-27
,Sue,Glover,1997-10-10,sue.glover@gmail.com,536-2507261,Vies¥te,Lyons,98506,2023-06-27
,Molly,Hunter,2011-12-18,molly.hunter@gmail.com,536-3068606,Renxian,Coleman,98008,2023-06-27
,Adam,Hunter,1995-06-11,adam.hunter@gmail.com,537-1567416,Antimácheia,Artisan,98109,2023-06-27
,Claire,Abraham,2012-12-08,claire.abraham@gmail.com,542-1713925,Byahoml’,Brown,98442,2023-06-27
,Katherine,McDonald,1971-02-25,katherine.mcdonald@gmail.com,555-3258221,El Alto,Hooker,98148,2023-06-27
,William,Skinner,1970-05-30,william.skinner@gmail.com,551-1398948,Sutton,Almo,98148,2023-06-27
,Jason,Buckland,2008-05-20,jason.buckland@gmail.com,545-1517863,Majia,Westend,98506,2023-06-27
,Jacob,Lambert,1993-03-29,jacob.lambert@gmail.com,532-1922083,Paarl,Acker,98109,2023-06-27
,Ava,Kerr,1990-12-24,ava.kerr@gmail.com,550-1205572,S?ngho 1-tong,Mallard,98442,2023-06-27
,Madeleine,Burgess,2014-12-23,madeleine.burgess@gmail.com,538-1277466,¸´knica,Duke,98682,2023-06-27
,Faith,Chapman,1991-07-29,faith.chapman@gmail.com,538-1356528,Kie∏czów,Prairieview,98109,2023-06-27
,Peter,Lawrence,2008-11-11,peter.lawrence@gmail.com,532-1290245,Watubuku,Vermont,98405,2023-06-27
,Julia,Carr,1992-10-17,julia.carr@gmail.com,538-1612158,Minneapolis,Pepper Wood,98115,2023-06-27
,Rachel,Duncan,2011-11-07,rachel.duncan@gmail.com,531-1741003,Guozhai,Kensington,98506,2023-06-27
,Hannah,McGrath,2003-06-14,hannah.mcgrath@gmail.com,542-1303524,Saramech,Spohn,98405,2023-06-27
,Liam,Russell,1980-06-25,liam.russell@gmail.com,546-1699559,Dalun,Thierer,98104,2023-06-27
,Nicholas,Dickens,1973-10-16,nicholas.dickens@gmail.com,543-1983778,Penghu,Jenna,98464,2023-06-27
,Emma,Brown,1981-07-11,emma.brown@gmail.com,532-1898021,Vicente Guerrero,Farwell,98175,2023-06-27
,Audrey,Burgess,1997-05-05,audrey.burgess@gmail.com,534-1996016,Bagong Pagasa,Thackeray,98442,2023-06-27
,Emma,Cameron,1966-12-17,emma.cameron@gmail.com,547-1812719,Bayt Dajan,Burrows,98464,2023-06-27
,Paul,Poole,1976-05-27,paul.poole@gmail.com,545-2796496,Puqi,Corry,98442,2023-06-27
,Wendy,Harris,2002-07-14,wendy.harris@gmail.com,552-2749654,Sallins,Carioca,98442,2023-06-27
,Deirdre,Davidson,1970-11-01,deirdre.davidson@gmail.com,555-2625756,Padangulaktanding,Barnett,98664,2023-06-27
,David,Avery,1991-05-03,david.avery@gmail.com,537-1749201,Baisha,Clemons,98104,2023-06-27
,Jack,Gray,2000-08-17,jack.gray@gmail.com,531-2096586,Zhong’an,Spaight,98158,2023-06-27
,Nicholas,Skinner,2013-09-07,nicholas.skinner@gmail.com,536-2777982,Cachan,Weeping Birch,98405,2023-06-27
,Jack,Glover,1973-12-27,jack.glover@gmail.com,538-2010670,Ospina,Shoshone,98140,2023-06-27
,Tracey,Mitchell,1996-06-22,tracey.mitchell@gmail.com,542-1667107,Ndago,Tennessee,98185,2023-06-27
,Christopher,Johnston,2000-04-17,christopher.johnston@gmail.com,546-1587005,Sundsvall,Northwestern,98185,2023-06-27
,Keith,Dickens,1969-03-31,keith.dickens@gmail.com,552-2280392,Costa de Rios Frios,Iowa,98175,2023-06-27
,Caroline,Baker,1978-06-22,caroline.baker@gmail.com,541-1901991,Meudon,Summer Ridge,98109,2023-06-27
,Isaac,Clark,1976-08-28,isaac.clark@gmail.com,539-1321616,Neochórion,Stang,98185,2023-06-27
,Vanessa,Rutherford,2015-08-25,vanessa.rutherford@gmail.com,534-1176212,Lyon,Northfield,98687,2023-06-27
,Stewart,Coleman,1982-03-20,stewart.coleman@gmail.com,534-2973221,Fylí,Grasskamp,98115,2023-06-27
,Brian,Brown,1992-04-02,brian.brown@gmail.com,555-4128631,Wangzuo,Golf Course,98158,2023-06-27
,Sarah,Buckland,2007-07-29,sarah.buckland@gmail.com,536-1723777,Fiorentino,Cambridge,98008,2023-06-27
,Liam,Ince,1986-02-10,liam.ince@gmail.com,544-1894317,Montgomery,Nobel,98185,2023-06-27
,Bella,Davidson,1985-10-03,bella.davidson@gmail.com,535-1411525,Ngasinan,Di Loreto,98405,2023-06-27
,Chloe,Morgan,1998-07-30,chloe.morgan@gmail.com,536-1181849,San Nicolas,Welch,98104,2023-06-27
,Joseph,Howard,1966-01-14,joseph.howard@gmail.com,555-1558450,Kinsealy-Drinan,Corscot,98195,2023-06-27
,Tracey,North,1980-02-04,tracey.north@gmail.com,555-4252978,Ferraz de Vasconcelos,Scott,98682,2023-06-27
,Peter,Wright,1988-08-18,peter.wright@gmail.com,543-1989358,Porto Feliz,Lakeland,98175,2023-06-27
,Wanda,Davidson,1986-03-22,wanda.davidson@gmail.com,538-1966348,Maluso,Sycamore,98664,2023-06-27
,Neil,Graham,1997-10-24,neil.graham@gmail.com,536-1410028,Nova Praha,Weeping Birch,98175,2023-06-27
,Lucas,Vaughan,2015-05-29,lucas.vaughan@gmail.com,536-1849090,Nangabere,Caliangt,98140,2023-06-27
,John,Martin,2013-03-09,john.martin@gmail.com,541-1308366,Libertad,Hallows,98682,2023-06-27
,Ian,Young,2003-12-03,ian.young@gmail.com,535-1697938,Ringim,Elka,98664,2023-06-27
,Evan,Miller,1983-12-28,evan.miller@gmail.com,536-3089417,Cikajang,Dayton,98195,2023-06-27
,Connor,Jones,1988-07-22,connor.jones@gmail.com,553-1148062,Isulan,Maryland,98158,2023-06-27
,Amy,Duncan,2008-08-26,amy.duncan@gmail.com,554-1138996,Albany,Sundown,98442,2023-06-27
,Penelope,Wright,1998-04-25,penelope.wright@gmail.com,537-1943185,Bunobogu,Little Fleur,98687,2023-06-27
,Julian,MacLeod,1980-02-12,julian.macleod@gmail.com,536-1394997,Shar’ya,Bartelt,98148,2023-06-27
,Edward,Alsop,1985-11-29,edward.alsop@gmail.com,538-1215479,Belford Roxo,Dakota,98687,2023-06-27
,Wendy,Cameron,1976-01-10,wendy.cameron@gmail.com,534-1861923,Boro,Arrowood,98008,2023-06-27
,Jane,Rutherford,1986-03-30,jane.rutherford@gmail.com,551-1159744,Kwale,Toban,98185,2023-06-27
,Dominic,Powell,1982-01-24,dominic.powell@gmail.com,538-1409895,Taoyuan,Del Mar,98140,2023-06-27
,Jennifer,Davidson,1999-10-14,jennifer.davidson@gmail.com,545-1153201,Hostos,Parkside,98687,2023-06-27
,Luke,Churchill,2006-01-09,luke.churchill@gmail.com,532-2263493,DrÇ al Qar‘,Annamark,98516,2023-06-27
,John,Lee,1978-08-26,john.lee@gmail.com,552-1115080,Fanzhen,Division,98464,2023-06-27
,Kimberly,Walsh,1991-02-10,kimberly.walsh@gmail.com,555-2993776,Shishi,Erie,98405,2023-06-27
,Stephanie,Piper,1979-12-17,stephanie.piper@gmail.com,545-1380478,Bu‘eina,Gateway,98442,2023-06-27
,Jessica,McDonald,2012-03-16,jessica.mcdonald@gmail.com,555-3563846,Toyoshina,Northwestern,98109,2023-06-27
,Rachel,Bailey,2002-08-23,rachel.bailey@gmail.com,532-1356660,Jiuxian,Warner,98405,2023-06-27
,Karen,Anderson,1983-08-10,karen.anderson@gmail.com,545-2024535,Maria,Fairview,98140,2023-06-27
,Elizabeth,Lawrence,1991-06-17,elizabeth.lawrence@gmail.com,544-1162787,Creil,Leroy,98405,2023-06-27
,Neil,Young,2000-04-04,neil.young@gmail.com,531-1452712,Saransk,Coleman,98405,2023-06-27
,Jacob,Skinner,1973-06-17,jacob.skinner@gmail.com,552-2309684,Neikeng,Little Fleur,98104,2023-06-27
,Gordon,Hart,1989-05-16,gordon.hart@gmail.com,555-2418675,Areado,Schmedeman,98442,2023-06-27
,Dylan,Rutherford,1968-06-22,dylan.rutherford@gmail.com,545-2689624,Jinshan,Harper,98185,2023-06-27
,Alan,Campbell,1997-03-29,alan.campbell@gmail.com,553-1138933,Malicboy,Tennyson,98008,2023-06-27
,Carl,Hodges,1979-03-30,carl.hodges@gmail.com,552-1857512,Paterson,Grasskamp,98516,2023-06-27
,Gordon,Vance,1991-01-09,gordon.vance@gmail.com,545-1711624,Inawashiro,Meadow Valley,98148,2023-06-27
,Karen,Underwood,1992-01-14,karen.underwood@gmail.com,539-1242138,Kus?ng,Petterle,98442,2023-06-27
,Gavin,Jones,1962-11-08,gavin.jones@gmail.com,547-1210862,Vyatskiye Polyany,Kingsford,98104,2023-06-27
,William,Mitchell,1993-04-13,william.mitchell@gmail.com,542-1927509,Phoenix,Dahle,98464,2023-06-27
,Virginia,Hamilton,1988-06-24,virginia.hamilton@gmail.com,544-1235021,Unidos,Jenifer,98195,2023-06-27
,Diane,Welch,1996-06-18,diane.welch@gmail.com,545-2436616,Pajannangger,Chive,98008,2023-06-27
,Alexander,Berry,2007-01-15,alexander.berry@gmail.com,536-2352979,Lianran,Reinke,98442,2023-06-27
,Richard,Ince,1986-06-16,richard.ince@gmail.com,543-2767891,Huaiya,Prairieview,98008,2023-06-27
,Lucas,Ince,1993-11-12,lucas.ince@gmail.com,551-1142282,Chengdong,Erie,98140,2023-06-27
,Caroline,Arnold,2012-05-11,caroline.arnold@gmail.com,541-1799772,Chenchang,Elka,98687,2023-06-27
,Faith,Henderson,2000-07-19,faith.henderson@gmail.com,534-1504682,Delaware,Sommers,98115,2023-06-27
,Jacob,Scott,1964-12-26,jacob.scott@gmail.com,530-1564891,Ccuntuma,Londonderry,98464,2023-06-27
,Lillian,Roberts,1995-12-22,lillian.roberts@gmail.com,536-3359386,Lokorae,Elka,98158,2023-06-27
,Sophie,Reid,2005-12-03,sophie.reid@gmail.com,555-1214876,Masjid,Walton,98008,2023-06-27
,Anthony,Kelly,1981-02-18,anthony.kelly@gmail.com,543-1883332,Akkol’,Laurel,98682,2023-06-27
,Elizabeth,Cornish,2004-10-30,elizabeth.cornish@gmail.com,535-1708264,Banjar Susut Kaja,Hoffman,98447,2023-06-27
,James,Cornish,1964-06-10,james.cornish@gmail.com,553-1472737,Ngajum,Anniversary,98464,2023-06-27
,Penelope,Ogden,1972-03-05,penelope.ogden@gmail.com,541-1898467,Al Ma?allah al Kubrá,Village Green,98195,2023-06-27
,Wanda,Hemmings,2000-08-18,wanda.hemmings@gmail.com,536-3456539,Rokitno Szlacheckie,2nd,98115,2023-06-27
,Anthony,Clark,2007-04-05,anthony.clark@gmail.com,530-1398301,Digkilaan,Mallard,98104,2023-06-27
,Andrew,McLean,2012-02-17,andrew.mclean@gmail.com,544-1824380,Dongpu,Brickson Park,98506,2023-06-27
,Keith,Randall,2004-02-09,keith.randall@gmail.com,536-1738597,Narowlya,Banding,98109,2023-06-27
,Thomas,Manning,1983-06-21,thomas.manning@gmail.com,555-1278985,Ube,Buell,98442,2023-06-27
,Stephen,Hill,1971-04-04,stephen.hill@gmail.com,544-1405905,Huancapi,Loftsgordon,98185,2023-06-27
,Steven,North,1974-03-15,steven.north@gmail.com,554-1489669,Barra do Bugres,Anthes,98109,2023-06-27
,Brian,Watson,1981-10-18,brian.watson@gmail.com,552-2950272,Åwash,Vidon,98506,2023-06-27
,Kylie,Coleman,1996-07-24,kylie.coleman@gmail.com,531-1663324,Kuzhuping,Everett,98442,2023-06-27
,Sue,Hudson,2002-09-10,sue.hudson@gmail.com,555-4283956,GyŒr,Annamark,98506,2023-06-27
,Dylan,Mathis,1973-04-16,dylan.mathis@gmail.com,555-4123947,Bﬁezová,Express,98664,2023-06-27
,Felicity,Kerr,1980-09-17,felicity.kerr@gmail.com,533-1153996,Takamatsu-shi,Northwestern,98516,2023-06-27
,Jake,Scott,1987-07-30,jake.scott@gmail.com,531-1457892,Brodnica,Mitchell,98115,2023-06-27
,Joseph,Avery,1985-03-18,joseph.avery@gmail.com,552-1177767,Ostuncalco,Grim,98008,2023-06-27
,Frank,Langdon,1987-07-09,frank.langdon@gmail.com,551-1832590,Varberg,Bellgrove,98664,2023-06-27
,Jennifer,Miller,1998-12-08,jennifer.miller@gmail.com,552-2056266,Pandasan,Rusk,98140,2023-06-27
,Sarah,Bond,1993-05-17,sarah.bond@gmail.com,555-1327220,Przesmyki,Becker,98158,2023-06-27
,Cameron,Springer,2008-10-08,cameron.springer@gmail.com,555-1559880,Frolovo,Twin Pines,98506,2023-06-27
,Amy,Lambert,1985-10-26,amy.lambert@gmail.com,551-1788033,La Libertad,Bashford,98447,2023-06-27
,Sarah,Lee,1971-04-29,sarah.lee@gmail.com,534-1343900,San Antonio,Declaration,98104,2023-06-27
,Robert,Mackenzie,1992-06-09,robert.mackenzie@gmail.com,546-1735730,Toulon,Blaine,98664,2023-06-27
,Diana,Langdon,1970-10-23,diana.langdon@gmail.com,541-1636757,Hamburg,Bellgrove,98682,2023-06-27
,Carolyn,Jones,1997-03-05,carolyn.jones@gmail.com,542-1412565,Italó,Fisk,98140,2023-06-27
,Eric,Duncan,2014-06-29,eric.duncan@gmail.com,545-1468255,Itapira,Golf,98442,2023-06-27
,Olivia,Kerr,1985-02-17,olivia.kerr@gmail.com,555-3779054,Oslo,Sutteridge,98158,2023-06-27
,Trevor,Davidson,1963-04-24,trevor.davidson@gmail.com,555-1228136,San Juan,Tennyson,98664,2023-06-27
,Lisa,Burgess,2001-03-14,lisa.burgess@gmail.com,555-3827308,Jingdang,Maryland,98464,2023-06-27
,Julia,Parr,2009-09-04,julia.parr@gmail.com,552-2602717,Sujiazhuang,Eagan,98148,2023-06-27
,Andrew,Paige,1968-08-22,andrew.paige@gmail.com,541-1797045,Zhicheng,Dakota,98109,2023-06-27
,Justin,Ince,1993-06-24,justin.ince@gmail.com,541-1644883,Carcassonne,Cherokee,98506,2023-06-27
,Dorothy,Turner,2013-01-15,dorothy.turner@gmail.com,536-2698238,Palmar de Varela,Holmberg,98664,2023-06-27
,Julia,Knox,1993-09-03,julia.knox@gmail.com,550-1349438,Lemland,Lyons,98158,2023-06-27
,Joe,Walker,1965-09-16,joe.walker@gmail.com,555-2765042,Po∏aniec,Anderson,98140,2023-06-27
,Emily,Rampling,1991-02-17,emily.rampling@gmail.com,555-1408945,Dauphin,Del Sol,98185,2023-06-27
,Sonia,Grant,1983-08-07,sonia.grant@gmail.com,531-2058054,Phultala,Hoepker,98516,2023-06-27
,Evan,Forsyth,1974-06-25,evan.forsyth@gmail.com,530-1574252,Al MiqdÇd¥yah,Dapin,98447,2023-06-27
,Tracey,Alsop,1962-11-17,tracey.alsop@gmail.com,536-3548142,Lewograran,Huxley,98447,2023-06-27
,Christian,Hardacre,1978-01-10,christian.hardacre@gmail.com,536-3510616,Jiaoshanhe,Upham,98442,2023-06-27
,Thomas,Hardacre,2002-12-07,thomas.hardacre@gmail.com,533-2030463,Yong’an,Ramsey,98195,2023-06-27
,Angela,Sanderson,1979-12-23,angela.sanderson@gmail.com,536-3723727,Medvedevo,Arapahoe,98506,2023-06-27
,Samantha,Arnold,1997-05-08,samantha.arnold@gmail.com,553-1344598,A?u,Cambridge,98506,2023-06-27
,Thomas,Sanderson,1969-06-03,thomas.sanderson@gmail.com,530-1829109,Santa Monica,Knutson,98158,2023-06-27
,Christopher,Hughes,1990-06-24,christopher.hughes@gmail.com,532-1981317,Fenghuang,Pennsylvania,98442,2023-06-27
,Adrian,Ross,2005-09-24,adrian.ross@gmail.com,554-1870298,Baxiangshan,Ludington,98442,2023-06-27
,Owen,Ross,1976-10-13,owen.ross@gmail.com,539-1369752,Corcuera,Eagan,98464,2023-06-27
,Max,Bond,1966-10-24,max.bond@gmail.com,545-1689832,Murillo,Spohn,98195,2023-06-27
,Frank,Sanderson,2015-07-31,frank.sanderson@gmail.com,552-1217741,Bagnolet,Spaight,98447,2023-06-27
,Abigail,Bower,2005-01-18,abigail.bower@gmail.com,554-1747035,Huatan,Golf Course,98442,2023-06-27
,Blake,Wilkins,2003-01-05,blake.wilkins@gmail.com,536-3094256,Bud?nnovsk,Bunker Hill,98195,2023-06-27
,Jake,Henderson,2004-08-17,jake.henderson@gmail.com,538-1536386,S?o Pedro,Northfield,98140,2023-06-27
,Maria,Carr,1976-07-28,maria.carr@gmail.com,555-3953366,Vykhino-Zhulebino,Luster,98464,2023-06-27
,Edward,Vaughan,2007-05-06,edward.vaughan@gmail.com,555-1441902,Yantang,Sundown,98115,2023-06-27
,Edward,Rutherford,2002-07-18,edward.rutherford@gmail.com,534-3023540,Xiaopu,Sycamore,98115,2023-06-27
,William,MacDonald,1992-12-09,william.macdonald@gmail.com,535-1928330,Nowshera,Stuart,98447,2023-06-27
,Leonard,Bailey,1973-06-30,leonard.bailey@gmail.com,532-2121660,Dorp Tera Kora,Basil,98447,2023-06-27
,Luke,Butler,1971-12-30,luke.butler@gmail.com,545-1464672,Fermoy,Summer Ridge,98405,2023-06-27
,Diane,Smith,1969-07-18,diane.smith@gmail.com,550-1633329,Lodan Wetan,Jenna,98195,2023-06-27
,Kimberly,Carr,1985-01-09,kimberly.carr@gmail.com,555-3474073,Ng? B?y,Stuart,98175,2023-06-27
,Pippa,Anderson,2014-02-04,pippa.anderson@gmail.com,551-1249327,Miaoling,Moose,98664,2023-06-27
,Gordon,Wilkins,2015-05-03,gordon.wilkins@gmail.com,536-1159234,Sidareja,Esker,98175,2023-06-27
,Katherine,Oliver,1968-10-18,katherine.oliver@gmail.com,531-1742214,Belém,Burrows,98140,2023-06-27
,Fiona,Slater,2015-04-11,fiona.slater@gmail.com,541-1377361,Sukoreno,Stoughton,98447,2023-06-27
,Robert,Hughes,1961-12-12,robert.hughes@gmail.com,536-1662144,Caraguatatuba,Memorial,98442,2023-06-27
,Jacob,Nolan,1973-12-13,jacob.nolan@gmail.com,537-2052155,Al KhÇniq,Bonner,98158,2023-06-27
,Ryan,Pullman,1982-12-17,ryan.pullman@gmail.com,533-1261151,Sortavala,Surrey,98109,2023-06-27
,Virginia,Blake,1986-01-07,virginia.blake@gmail.com,551-1148459,Repu‰nica,Kensington,98008,2023-06-27
,Eric,Manning,2009-10-05,eric.manning@gmail.com,554-2701978,Ariz,Hazelcrest,98464,2023-06-27
,Kimberly,Arnold,1997-09-18,kimberly.arnold@gmail.com,554-2080056,Dijon,Paget,98148,2023-06-27
,Elizabeth,Blake,1964-01-16,elizabeth.blake@gmail.com,545-1910768,Pakenjeng,Schmedeman,98109,2023-06-27
,Lily,Walsh,1965-01-09,lily.walsh@gmail.com,555-3193055,Jinshan,Talisman,98104,2023-06-27
,Neil,Robertson,1976-04-08,neil.robertson@gmail.com,535-1533402,Tyler,Burrows,98506,2023-06-27
,Amanda,Nash,1977-10-30,amanda.nash@gmail.com,534-3072132,Káto Nevrokópi,Northridge,98158,2023-06-27
,Gavin,Wilkins,1980-05-20,gavin.wilkins@gmail.com,537-1716641,San Bernardino,Crowley,98115,2023-06-27
,Jan,Carr,1993-10-25,jan.carr@gmail.com,553-1928851,Kenzhe,La Follette,98195,2023-06-27
,Theresa,Russell,1986-02-11,theresa.russell@gmail.com,542-1792866,Ayorou,Corscot,98687,2023-06-27
,Elizabeth,Slater,1979-03-12,elizabeth.slater@gmail.com,547-1846621,Kariya,Sage,98109,2023-06-27
,Eric,Murray,2010-03-27,eric.murray@gmail.com,554-1786137,Eg,Buhler,98140,2023-06-27
,Michelle,Brown,2006-03-01,michelle.brown@gmail.com,546-1848297,Monaragala,Milwaukee,98104,2023-06-27
,Victor,Parr,1964-09-15,victor.parr@gmail.com,552-1939510,Primero de Enero,Mayfield,98175,2023-06-27
,Brandon,Rutherford,2004-09-12,brandon.rutherford@gmail.com,547-1877651,Matel?ndia,Corscot,98148,2023-06-27
,Ian,Mathis,1970-04-13,ian.mathis@gmail.com,532-1726372,Puerto Cumarebo,Rusk,98687,2023-06-27
,Ella,Hardacre,1984-10-25,ella.hardacre@gmail.com,551-1774923,Seteluk Tengah,Mayfield,98140,2023-06-27
,Victor,Sanderson,1990-10-13,victor.sanderson@gmail.com,555-3349951,Beiqijia,Melvin,98687,2023-06-27
,Bernadette,Glover,2004-06-20,bernadette.glover@gmail.com,545-2306547,Qiaoxia,Claremont,98442,2023-06-27
,Caroline,King,1966-10-05,caroline.king@gmail.com,543-1962907,Talin Hiag,Lawn,98447,2023-06-27
,Carolyn,Oliver,2009-09-18,carolyn.oliver@gmail.com,537-1311408,Narva-Jõesuu,Dayton,98464,2023-06-27
,Julia,Baker,2003-01-12,julia.baker@gmail.com,530-1633098,Wang Nam Yen,Dixon,98158,2023-06-27
,Sebastian,Buckland,1998-09-16,sebastian.buckland@gmail.com,552-2055651,Long Beluah,Emmet,98195,2023-06-27
,Hannah,Wilson,2012-03-04,hannah.wilson@gmail.com,552-2736527,Kuala Lumpur,Clyde Gallagher,98115,2023-06-27
,Benjamin,Paige,2006-07-17,benjamin.paige@gmail.com,555-4341193,Beilun,Ridge Oak,98664,2023-06-27
,Sonia,Bailey,1982-12-08,sonia.bailey@gmail.com,536-3326455,Pocito,Longview,98115,2023-06-27
,Sarah,Baker,2004-08-10,sarah.baker@gmail.com,544-1988557,Tukan,Rusk,98104,2023-06-27
,Connor,Davies,1984-03-13,connor.davies@gmail.com,530-1284717,Cayenne,Moland,98175,2023-06-27
,Pippa,Gill,1961-05-10,pippa.gill@gmail.com,555-4486902,Kirovsk,Prairieview,98447,2023-06-27
,Boris,Ross,1969-07-19,boris.ross@gmail.com,547-1523993,Douliu,Blue Bill Park,98516,2023-06-27
,Emily,May,2014-04-22,emily.may@gmail.com,532-1714588,Sabana Iglesia,Havey,98008,2023-06-27
,Irene,Graham,1965-09-12,irene.graham@gmail.com,551-1782159,Pirot,Elka,98140,2023-06-27
,Donna,Springer,1978-05-04,donna.springer@gmail.com,545-1644715,Shangma,Monica,98442,2023-06-27
,Alison,Fisher,1960-12-20,alison.fisher@gmail.com,537-2074765,Huxu,Memorial,98195,2023-06-27
,Evan,Grant,1981-04-29,evan.grant@gmail.com,545-2552438,Santa Maria da Vitória,Sauthoff,98158,2023-06-27
,Leah,Miller,1976-01-01,leah.miller@gmail.com,541-1398031,Shkat a? ?f¥,Texas,98195,2023-06-27
,Samantha,Cameron,1978-03-21,samantha.cameron@gmail.com,538-1206203,Vidyayevo,Reinke,98464,2023-06-27
,Vanessa,McDonald,1971-03-29,vanessa.mcdonald@gmail.com,536-2673959,Rungis,New Castle,98516,2023-06-27
,Lillian,Graham,1968-03-03,lillian.graham@gmail.com,554-1648200,Bomomani,Red Cloud,98687,2023-06-27
,Nicola,Lambert,1997-11-26,nicola.lambert@gmail.com,555-1671665,Pagnag,Spaight,98148,2023-06-27
,Carol,MacDonald,1976-09-13,carol.macdonald@gmail.com,536-1689234,Ca?ador,Bobwhite,98104,2023-06-27
,Grace,Blake,1999-02-05,grace.blake@gmail.com,551-1416000,Haoba,Kings,98405,2023-06-27
,Thomas,Bell,2000-05-06,thomas.bell@gmail.com,530-1362109,Wa∏cz,Dahle,98185,2023-06-27
,Anna,McLean,1960-09-19,anna.mclean@gmail.com,532-1155682,Paraíba do Sul,Darwin,98447,2023-06-27
,Alan,Peake,2012-10-02,alan.peake@gmail.com,539-1888616,Naudero,Waubesa,98140,2023-06-27
,Maria,Gray,1975-06-14,maria.gray@gmail.com,532-1131792,Shiye,Springview,98109,2023-06-27
,John,Avery,1968-11-10,john.avery@gmail.com,536-1812110,Neglasari,Vernon,98442,2023-06-27
,Benjamin,Simpson,2000-04-05,benjamin.simpson@gmail.com,547-1572400,Roli?a,Pennsylvania,98664,2023-06-27
,Virginia,Manning,1999-12-25,virginia.manning@gmail.com,542-1951302,Simuay,Jenifer,98115,2023-06-27
,Amanda,Abraham,2003-06-24,amanda.abraham@gmail.com,538-1240284,Yongfeng,Mcguire,98175,2023-06-27
,Keith,Wallace,1960-07-07,keith.wallace@gmail.com,537-1471912,Chandra,Crownhardt,98115,2023-06-27
,Evan,Russell,2001-02-17,evan.russell@gmail.com,550-1407005,Ichinohe,Steensland,98158,2023-06-27
,Evan,Short,1976-04-26,evan.short@gmail.com,555-1133863,Tuupovaara,Trailsway,98148,2023-06-27
,Sean,Ogden,1962-02-24,sean.ogden@gmail.com,550-1145297,Puteran Kidul,Towne,98687,2023-06-27
,Piers,Howard,1966-01-12,piers.howard@gmail.com,544-1938962,Panghadangan,Hooker,98008,2023-06-27
,Warren,Buckland,1967-05-16,warren.buckland@gmail.com,543-2579197,Tentúgal,Ryan,98687,2023-06-27
,Oliver,Powell,1969-07-25,oliver.powell@gmail.com,537-1131464,Piotrków Trybunalski,Burning Wood,98109,2023-06-27
,Carolyn,Burgess,2002-10-21,carolyn.burgess@gmail.com,535-1657532,Dasha,Sommers,98185,2023-06-27
,Lauren,Paige,1978-01-21,lauren.paige@gmail.com,547-1630142,Hwange,Elka,98195,2023-06-27
,James,Hudson,1973-03-15,james.hudson@gmail.com,536-1420040,Nanqiu,Sullivan,98506,2023-06-27
,Grace,Butler,1963-05-29,grace.butler@gmail.com,554-1819003,Yinxi,Reinke,98516,2023-06-27
,Diana,May,1968-09-06,diana.may@gmail.com,539-1519856,San Vicente,Londonderry,98442,2023-06-27
,Peter,Anderson,1960-01-25,peter.anderson@gmail.com,541-1937327,Kuãevo,Trailsway,98447,2023-06-27
,Caroline,Cornish,1995-04-17,caroline.cornish@gmail.com,543-2455904,Patrída,Merrick,98148,2023-06-27
,Amy,Jackson,1996-02-18,amy.jackson@gmail.com,538-1621670,Coulommiers,Lighthouse Bay,98185,2023-06-27
,Rose,Morgan,1993-04-20,rose.morgan@gmail.com,536-3156409,Anolaima,Forest,98682,2023-06-27
,Liam,Skinner,1981-09-02,liam.skinner@gmail.com,554-2689062,Liuzhi,Carey,98464,2023-06-27
,Phil,Hudson,1974-01-04,phil.hudson@gmail.com,554-2488888,Tyresö,Walton,98442,2023-06-27
,Alexander,Langdon,1986-07-08,alexander.langdon@gmail.com,555-4008392,Tuncheng,Lakewood,98682,2023-06-27
,Thomas,Rutherford,1997-08-22,thomas.rutherford@gmail.com,553-1744566,Duwakbuter,Loeprich,98664,2023-06-27
,Sonia,Henderson,1963-04-28,sonia.henderson@gmail.com,538-1299665,Rokitno,Arkansas,98682,2023-06-27
,Hannah,North,1979-12-26,hannah.north@gmail.com,539-2112699,Santa Anita,Darwin,98140,2023-06-27
,Joanne,Thomson,1994-12-11,joanne.thomson@gmail.com,543-1112555,Youlongchuan,Jackson,98664,2023-06-27
,Andrew,Edmunds,1978-08-24,andrew.edmunds@gmail.com,543-2007800,Zuoxi,Briar Crest,98442,2023-06-27
,Emily,Mathis,1969-04-07,emily.mathis@gmail.com,535-1500552,K’anak’erravan,Lawn,98447,2023-06-27
,Jonathan,Mackenzie,1990-06-30,jonathan.mackenzie@gmail.com,539-1184478,Coelho Neto,Service,98148,2023-06-27
,Joanne,Forsyth,1989-01-08,joanne.forsyth@gmail.com,534-1532544,Shanhou,Mosinee,98506,2023-06-27
,Sebastian,Rutherford,2002-07-15,sebastian.rutherford@gmail.com,538-1767090,Barreiras,Carpenter,98158,2023-06-27
,Emma,Russell,1974-04-09,emma.russell@gmail.com,538-1715935,Bokong Timur,Huxley,98664,2023-06-27
,Alison,McLean,1978-12-14,alison.mclean@gmail.com,543-2829365,Góra,Rigney,98175,2023-06-27
,Sam,Parsons,1964-03-07,sam.parsons@gmail.com,552-1991475,Niigata-shi,Londonderry,98115,2023-06-27
,Jan,Clark,2006-10-28,jan.clark@gmail.com,546-1351684,Liangnong,Anthes,98115,2023-06-27
,Lucas,Newman,1976-12-18,lucas.newman@gmail.com,544-1167887,Cianorte,Burning Wood,98195,2023-06-27
,Brian,Lyman,1973-06-24,brian.lyman@gmail.com,534-1183675,Kobiernice,Utah,98008,2023-06-27
,Leah,Buckland,1995-08-15,leah.buckland@gmail.com,555-2117285,Karangpao,Alpine,98506,2023-06-27
,Oliver,Miller,2001-08-29,oliver.miller@gmail.com,536-2501057,El Cacao,Oakridge,98008,2023-06-27
,Nathan,Terry,1968-10-09,nathan.terry@gmail.com,535-1551936,Flor da Mata,4th,98405,2023-06-27
,Michael,Fisher,2012-08-16,michael.fisher@gmail.com,552-1373564,Hiratachÿ,Fuller,98447,2023-06-27
,Samantha,Hamilton,1968-07-02,samantha.hamilton@gmail.com,554-2284376,Bom Jesus dos Perdões,Westridge,98687,2023-06-27
,Abigail,Poole,1988-11-23,abigail.poole@gmail.com,531-1436144,Trieste,Anthes,98464,2023-06-27
,Dan,Watson,1980-04-26,dan.watson@gmail.com,555-3953997,Lingquan,Talisman,98447,2023-06-27
,Amy,McGrath,1991-01-15,amy.mcgrath@gmail.com,551-1583456,Jinotega,School,98148,2023-06-27
,Emma,Stewart,2001-08-06,emma.stewart@gmail.com,543-1559047,Vidnoye,Anderson,98442,2023-06-27
,Chloe,Hamilton,1989-09-21,chloe.hamilton@gmail.com,552-2012530,Leping,Graedel,98195,2023-06-27
,Jason,Roberts,1977-06-13,jason.roberts@gmail.com,533-1858351,Palestina,Melrose,98148,2023-06-27
,Charles,Johnston,1996-08-27,charles.johnston@gmail.com,554-1492513,Ledok,Lake View,98008,2023-06-27
,Neil,Peters,1976-09-24,neil.peters@gmail.com,539-1124745,Caldas da Felgueira,Pine View,98447,2023-06-27
,Grace,Randall,1986-03-09,grace.randall@gmail.com,552-1893760,Buritis,Dawn,98109,2023-06-27
,Anthony,Ball,1977-05-15,anthony.ball@gmail.com,532-2607422,Aurillac,Heffernan,98506,2023-06-27
,Chloe,Morrison,2010-04-17,chloe.morrison@gmail.com,553-1557765,Gandi,Loeprich,98140,2023-06-27
,Robert,Alsop,1972-06-25,robert.alsop@gmail.com,555-4375658,Boavista,Cambridge,98104,2023-06-27
,Diane,Slater,1974-10-01,diane.slater@gmail.com,542-1315731,Mosrentgen,Shoshone,98109,2023-06-27
,Amy,Rutherford,2004-12-02,amy.rutherford@gmail.com,554-1995721,Hecun,Oakridge,98185,2023-06-27
,Virginia,Robertson,1973-01-11,virginia.robertson@gmail.com,534-1439675,Naga,Rusk,98682,2023-06-27
,Joseph,Hardacre,2004-03-03,joseph.hardacre@gmail.com,538-1987603,Uitenhage,7th,98115,2023-06-27
,Anna,Thomson,1982-07-03,anna.thomson@gmail.com,552-1954559,Sade,Thackeray,98148,2023-06-27
,Heather,Young,2014-01-27,heather.young@gmail.com,531-1858794,San Bernardino,Loomis,98405,2023-06-27
,Dorothy,Marshall,1967-11-13,dorothy.marshall@gmail.com,538-1583218,San Bernardino,Cody,98664,2023-06-27
,Joe,Thomson,1985-08-26,joe.thomson@gmail.com,536-2189613,San Bernardino,Dottie,98115,2023-06-27
,Steven,Wilson,1989-10-22,steven.wilson@gmail.com,543-1165336,San Bernardino,Kenwood,98104,2023-06-27
,Blake,Morgan,2015-09-16,blake.morgan@gmail.com,542-1421819,San Bernardino,Buena Vista,98185,2023-06-27
,Sue,Springer,1976-01-26,sue.springer@gmail.com,536-3243741,Monaragala,Westerfield,98104,2023-06-27
,Jake,Graham,1975-09-27,jake.graham@gmail.com,533-1588777,Primero de Enero,Artisan,98185,2023-06-27
,Maria,Mackay,1974-08-11,maria.mackay@gmail.com,543-1130511,Matel?ndia,Summit,98195,2023-06-27
,Karen,Skinner,1988-11-22,karen.skinner@gmail.com,538-1544391,Puerto Cumarebo,Stephen,98104,2023-06-27
,Diana,Skinner,1993-08-11,diana.skinner@gmail.com,533-1854095,Seteluk Tengah,Tony,98506,2023-06-27
,Kevin,Fraser,1964-02-29,kevin.fraser@gmail.com,537-1868830,Beiqijia,Roxbury,98104,2023-06-27
,Kevin,McGrath,1990-10-27,kevin.mcgrath@gmail.com,530-1723212,Qiaoxia,Corry,98682,2023-06-27
,Katherine,Mills,1998-01-15,katherine.mills@gmail.com,547-1722766,Talin Hiag,Mifflin,98464,2023-06-27
,Sophie,Ross,1965-07-20,sophie.ross@gmail.com,543-2203428,Narva-Jõesuu,Esker,98506,2023-06-27
,Brandon,Parsons,1996-10-17,brandon.parsons@gmail.com,539-1777621,Sade,Village,98158,2023-06-27
,Caroline,McDonald,1991-12-14,caroline.mcdonald@gmail.com,535-1384527,San Bernardino,Columbus,98109,2023-06-27
,Brandon,Hughes,1970-10-01,brandon.hughes@gmail.com,555-3757523,San Bernardino,Jenifer,98109,2023-06-27
,Rachel,Hardacre,1977-05-13,rachel.hardacre@gmail.com,555-4097956,San Bernardino,Westport,98195,2023-06-27
,Anna,Jones,1969-08-31,anna.jones@gmail.com,534-2942020,San Bernardino,Dottie,98175,2023-06-27
,Ian,Blake,2003-01-18,ian.blake@gmail.com,543-2403978,San Bernardino,Derek,98442,2023-06-27
,Jessica,James,1996-03-10,jessica.james@gmail.com,536-1186982,Cayenne,Sachtjen,98687,2023-06-27
,Thomas,Randall,1993-08-14,thomas.randall@gmail.com,547-1823333,Kirovsk,Northwestern,98447,2023-06-27
,Amanda,Coleman,1988-11-04,amanda.coleman@gmail.com,534-1151078,Douliu,Prairie Rose,98682,2023-06-27
,Lucas,McDonald,1968-04-17,lucas.mcdonald@gmail.com,533-1940887,Sabana Iglesia,Clyde Gallagher,98664,2023-06-27
,Keith,Ross,1980-01-04,keith.ross@gmail.com,555-2228188,Pirot,Loomis,98148,2023-06-27
,Jack,King,1962-01-07,jack.king@gmail.com,544-1828602,Shangma,Holy Cross,98109,2023-06-27
,Trevor,Vance,1962-06-28,trevor.vance@gmail.com,536-2488367,Huxu,Pearson,98447,2023-06-27
,Jasmine,Peake,1969-03-27,jasmine.peake@gmail.com,545-1238396,Santa Maria da Vitória,Scoville,98185,2023-06-27
,Molly,Vaughan,1963-11-10,molly.vaughan@gmail.com,546-1404161,Shkat a? ?f¥,Bayside,98687,2023-06-27
,Katherine,Hill,1981-06-16,katherine.hill@gmail.com,551-1608719,Vidyayevo,Caliangt,98158,2023-06-27
,Michael,Payne,1965-07-31,michael.payne@gmail.com,547-2044230,Rungis,La Follette,98148,2023-06-27
,Dylan,Vaughan,1961-06-03,dylan.vaughan@gmail.com,533-2018048,Bomomani,Lakewood Gardens,98464,2023-06-27
,Isaac,Buckland,1978-11-16,isaac.buckland@gmail.com,552-2968212,Pagnag,Toban,98109,2023-06-27
,Bernadette,Mitchell,2008-03-26,bernadette.mitchell@gmail.com,536-2781031,Ca?ador,Kensington,98516,2023-06-27
,Carolyn,Rutherford,1998-12-18,carolyn.rutherford@gmail.com,532-2548686,Haoba,Rigney,98185,2023-06-27
,James,Arnold,1987-06-09,james.arnold@gmail.com,536-1699191,Wa∏cz,Burrows,98148,2023-06-27
,Christopher,Fraser,1963-01-10,christopher.fraser@gmail.com,538-1241318,Paraíba do Sul,Mandrake,98109,2023-06-27
,Evan,Vaughan,1990-03-05,evan.vaughan@gmail.com,545-2128099,Naudero,Summer Ridge,98104,2023-06-27
,Boris,Avery,1973-10-19,boris.avery@gmail.com,537-1857999,Shiye,Hanover,98506,2023-06-27
,Keith,Skinner,1988-05-01,keith.skinner@gmail.com,550-1509801,Neglasari,Sommers,98158,2023-06-27
,Christian,Sanderson,2002-01-29,christian.sanderson@gmail.com,547-1905113,Roli?a,Paget,98140,2023-06-27
,Sebastian,Ferguson,1967-02-19,sebastian.ferguson@gmail.com,546-1492953,Simuay,Darwin,98442,2023-06-27
,Pippa,Springer,1983-05-27,pippa.springer@gmail.com,552-2593224,Yongfeng,Raven,98195,2023-06-27
,Sarah,Morrison,1967-05-10,sarah.morrison@gmail.com,545-2814419,Chandra,Stang,98405,2023-06-27
,Stephanie,McLean,1980-08-21,stephanie.mclean@gmail.com,536-1605438,Ichinohe,Bartelt,98185,2023-06-27
,Jason,Hill,2007-11-23,jason.hill@gmail.com,551-1111699,Tuupovaara,Holmberg,98185,2023-06-27
,Irene,McDonald,1981-05-03,irene.mcdonald@gmail.com,554-1291578,Puteran Kidul,Packers,98405,2023-06-27
,Alexander,Knox,1994-01-11,alexander.knox@gmail.com,543-2752488,Panghadangan,Homewood,98195,2023-06-27
,Faith,Carr,1975-05-18,faith.carr@gmail.com,554-2027689,Tentúgal,Arapahoe,98148,2023-06-27
,Tim,Edmunds,2004-12-23,tim.edmunds@gmail.com,551-1535783,Piotrków Trybunalski,Dexter,98442,2023-06-27
,Boris,Morgan,1989-02-02,boris.morgan@gmail.com,555-1243208,Dasha,Morrow,98405,2023-06-27
,Robert,McLean,1982-11-26,robert.mclean@gmail.com,536-2521354,Hwange,Red Cloud,98442,2023-06-27
,Faith,Gibson,1991-08-07,faith.gibson@gmail.com,552-2287947,Nanqiu,Stoughton,98447,2023-06-27
,Donna,Kelly,1964-07-28,donna.kelly@gmail.com,544-1158127,Yinxi,Bobwhite,98506,2023-06-27
,Julian,Black,1965-06-17,julian.black@gmail.com,545-1213141,San Vicente,Pine View,98115,2023-06-27
,Rose,Hart,1990-08-20,rose.hart@gmail.com,536-4009317,Kuãevo,Forest,98140,2023-06-27
,Julian,Underwood,1998-10-12,julian.underwood@gmail.com,554-2223781,Patrída,Oneill,98506,2023-06-27
,Isaac,Dyer,1963-05-26,isaac.dyer@gmail.com,551-1516295,Coulommiers,Arapahoe,98115,2023-06-27
,Tim,Martin,1969-08-25,tim.martin@gmail.com,552-2138682,Anolaima,Superior,98148,2023-06-27
,Sue,Hardacre,1971-01-15,sue.hardacre@gmail.com,539-1299823,Liuzhi,Lunder,98008,2023-06-27
,Sophie,Baker,1991-02-28,sophie.baker@gmail.com,546-1895866,Tyresö,Barnett,98447,2023-06-27
,Victor,Scott,1981-01-06,victor.scott@gmail.com,543-2144828,Tuncheng,Lyons,98682,2023-06-27
,Amy,Oliver,1963-03-08,amy.oliver@gmail.com,555-3055766,Duwakbuter,Jenifer,98682,2023-06-27
,Lauren,Dyer,1965-07-13,lauren.dyer@gmail.com,553-1873923,Rokitno,7th,98464,2023-06-27
,Connor,MacDonald,1961-06-23,connor.macdonald@gmail.com,546-1824388,Santa Anita,Maywood,98175,2023-06-27
,James,Roberts,1995-02-18,james.roberts@gmail.com,545-1331971,Youlongchuan,Saint Paul,98664,2023-06-27
,Zoe,Baker,1999-11-15,zoe.baker@gmail.com,530-1458213,Zuoxi,4th,98115,2023-06-27
,Jacob,Quinn,1963-01-28,jacob.quinn@gmail.com,541-1524685,K’anak’erravan,Donald,98008,2023-06-27
,Harry,Smith,1972-09-10,harry.smith@gmail.com,555-3695008,Coelho Neto,Marcy,98185,2023-06-27
,Blake,Bond,1977-03-10,blake.bond@gmail.com,536-3434797,Shanhou,Green,98516,2023-06-27
,Vanessa,Grant,1990-06-04,vanessa.grant@gmail.com,538-1224699,Barreiras,Briar Crest,98687,2023-06-27
,Kevin,Ince,1994-09-14,kevin.ince@gmail.com,545-2815031,Bokong Timur,Hermina,98506,2023-06-27
,Carol,Nash,1998-10-12,carol.nash@gmail.com,544-1125690,Góra,Sherman,98405,2023-06-27
,Kevin,Murray,1989-05-06,kevin.murray@gmail.com,551-1734078,Niigata-shi,Artisan,98506,2023-06-27
,Megan,King,1986-09-23,megan.king@gmail.com,535-1644917,Liangnong,Del Sol,98506,2023-06-27
,Trevor,King,2013-08-23,trevor.king@gmail.com,534-1424704,Cianorte,Randy,98442,2023-06-27
,Harry,Hudson,1989-09-21,harry.hudson@gmail.com,553-1564831,Kobiernice,Merchant,98405,2023-06-27
,Nicola,Butler,2001-11-20,nicola.butler@gmail.com,534-1480898,Karangpao,Brickson Park,98148,2023-06-27
,Jason,Piper,2006-07-08,jason.piper@gmail.com,555-1740731,El Cacao,Orin,98464,2023-06-27
,Natalie,Ball,2013-01-04,natalie.ball@gmail.com,543-2799284,Flor da Mata,Dawn,98464,2023-06-27
,Lauren,Berry,1981-04-06,lauren.berry@gmail.com,534-1528859,Hiratachÿ,Harbort,98405,2023-06-27
,Peter,Mills,1960-01-01,peter.mills@gmail.com,555-3222004,Bom Jesus dos Perdões,Schurz,98158,2023-06-27
,Andrea,Mackenzie,2001-08-17,andrea.mackenzie@gmail.com,543-1595774,Trieste,Little Fleur,98175,2023-06-27
,Alexandra,Quinn,1977-11-27,alexandra.quinn@gmail.com,535-1484517,Lingquan,Vahlen,98175,2023-06-27
,Dorothy,Ogden,2004-12-06,dorothy.ogden@gmail.com,546-1846322,Jinotega,Fordem,98687,2023-06-27
,Maria,Robertson,1999-03-07,maria.robertson@gmail.com,543-2833879,Vidnoye,8th,98104,2023-06-27
,Adam,Newman,1999-11-25,adam.newman@gmail.com,543-1562328,Leping,Longview,98115,2023-06-27
,Amy,Abraham,1973-03-06,amy.abraham@gmail.com,532-2143121,Palestina,Debs,98185,2023-06-27
,Jasmine,Wilkins,2006-04-02,jasmine.wilkins@gmail.com,554-2813181,Ledok,Bluestem,98464,2023-06-27
,Liam,Young,1987-09-15,liam.young@gmail.com,534-2903830,Caldas da Felgueira,Sage,98516,2023-06-27
,Benjamin,Russell,2014-07-16,benjamin.russell@gmail.com,530-1825524,Buritis,Ronald Regan,98158,2023-06-27
,Chloe,Gibson,2015-11-14,chloe.gibson@gmail.com,531-1427669,Aurillac,Twin Pines,98115,2023-06-27
,Austin,Skinner,2015-07-09,austin.skinner@gmail.com,534-2209233,Gandi,Mayfield,98464,2023-06-27
,Audrey,Chapman,1994-06-04,audrey.chapman@gmail.com,541-1214053,Boavista,Tennyson,98664,2023-06-27
,Emma,Greene,1965-02-17,emma.greene@gmail.com,554-1388637,Mosrentgen,North,98158,2023-06-27
,Joshua,Bower,1976-03-11,joshua.bower@gmail.com,546-1131256,Hecun,Mesta,98148,2023-06-27
,Caroline,Ince,2013-10-08,caroline.ince@gmail.com,541-1578323,Naga,Bashford,98185,2023-06-27
,Tracey,Berry,1999-04-24,tracey.berry@gmail.com,543-2515284,Uitenhage,Killdeer,98516,2023-06-27
,Piers,Burgess,1976-08-11,piers.burgess@gmail.com,550-1331510,Sade,Meadow Ridge,98104,2023-06-27
,Kevin,MacLeod,2014-07-11,kevin.macleod@gmail.com,554-2820285,Murmansk,Swallow,98109,2023-06-27
,Stephen,Quinn,1986-11-01,stephen.quinn@gmail.com,533-1700384,Burgas,Meadow Valley,98464,2023-06-27
,Eric,Anderson,1985-04-25,eric.anderson@gmail.com,555-4499226,Zamboanguita,Melby,98442,2023-06-27
,Benjamin,Wright,2012-01-01,benjamin.wright@gmail.com,535-1432042,Boﬁetice,Debra,98687,2023-06-27
,Elizabeth,Ross,1984-11-13,elizabeth.ross@gmail.com,541-1862169,Volzhsk,Pearson,98687,2023-06-27
,Trevor,Roberts,1998-10-31,trevor.roberts@gmail.com,542-1814079,Izumi,Bluejay,98464,2023-06-27
,Adrian,MacLeod,1972-04-27,adrian.macleod@gmail.com,544-2004473,Pasiripis,Cambridge,98008,2023-06-27
,Simon,Baker,1984-07-20,simon.baker@gmail.com,538-1473046,Bakunase,Reinke,98405,2023-06-27
,David,Gibson,1986-12-05,david.gibson@gmail.com,555-2350261,Lomme,Vermont,98195,2023-06-27
,Fiona,Gray,1965-02-23,fiona.gray@gmail.com,536-2668800,Ch?teaudun,Loeprich,98447,2023-06-27
,Pippa,Hudson,1998-09-05,pippa.hudson@gmail.com,551-1825950,Campos,Dahle,98109,2023-06-27
,Kimberly,Langdon,1964-09-06,kimberly.langdon@gmail.com,532-1185762,Skaramangás,Marcy,98008,2023-06-27
,Diane,Morgan,1994-08-08,diane.morgan@gmail.com,552-2956958,Bugcaon,Derek,98195,2023-06-27
,Dorothy,Jones,1997-12-25,dorothy.jones@gmail.com,555-3102886,Beauceville,Dwight,98464,2023-06-27
,Julia,Young,1974-01-28,julia.young@gmail.com,555-2273298,Bjuv,Hovde,98682,2023-06-27
,Gavin,Knox,1983-05-29,gavin.knox@gmail.com,530-1296281,Sanjÿ,Dryden,98109,2023-06-27
,Sue,Churchill,1969-05-07,sue.churchill@gmail.com,550-1645550,Beyla,Express,98109,2023-06-27
,Deirdre,Buckland,1984-10-23,deirdre.buckland@gmail.com,552-2864220,Kryevidh,Huxley,98140,2023-06-27
,Sonia,Underwood,1991-03-07,sonia.underwood@gmail.com,539-1250929,Kangar,Orin,98405,2023-06-27
,Pippa,MacLeod,2015-05-18,pippa.macleod@gmail.com,551-1530757,Batticaloa,Thierer,98175,2023-06-27
,Liam,Ogden,1991-08-15,liam.ogden@gmail.com,552-2656975,Fenglin,Killdeer,98506,2023-06-27
,Julia,Black,2009-06-26,julia.black@gmail.com,538-1336336,Sagay,Bartelt,98506,2023-06-27
,Joshua,Morrison,1992-08-04,joshua.morrison@gmail.com,541-1753115,Caazapá,Fordem,98185,2023-06-27
,Sean,Walker,1973-06-01,sean.walker@gmail.com,535-1189284,Machinda,Calypso,98447,2023-06-27
,Amelia,Cameron,1965-12-26,amelia.cameron@gmail.com,547-1872262,Visaginas,Oxford,98185,2023-06-27
,Ryan,Terry,1992-02-17,ryan.terry@gmail.com,554-2535908,Lamawalang,Hansons,98175,2023-06-27
,Heather,Marshall,1989-02-21,heather.marshall@gmail.com,555-3037135,Pereiros,Bartelt,98405,2023-06-27
,Edward,Langdon,1960-09-30,edward.langdon@gmail.com,539-2116456,Horton,Grim,98148,2023-06-27
,Evan,Brown,1965-07-07,evan.brown@gmail.com,536-2101253,âortanovci,Vahlen,98664,2023-06-27
,Ella,Harris,1978-11-14,ella.harris@gmail.com,547-1803655,Pa?o,Moland,98682,2023-06-27
,Jan,Johnston,1964-10-13,jan.johnston@gmail.com,547-1774352,Sabang,Fulton,98185,2023-06-27
,David,Hodges,2003-01-14,david.hodges@gmail.com,542-1568655,Taunoa,Continental,98104,2023-06-27
,Victoria,Wilkins,2008-02-11,victoria.wilkins@gmail.com,552-2760713,Pulopaya,Troy,98664,2023-06-27
,Kylie,Abraham,2008-09-16,kylie.abraham@gmail.com,538-1185772,Songgai,Ilene,98405,2023-06-27
,Madeleine,Vaughan,1975-10-28,madeleine.vaughan@gmail.com,546-1719804,Fundación,Di Loreto,98115,2023-06-27
,Nicola,MacLeod,2014-09-08,nicola.macleod@gmail.com,535-1232246,Komyshany,Hagan,98140,2023-06-27
,Carolyn,Sharp,2012-09-04,carolyn.sharp@gmail.com,541-1921560,Suphan Buri,Hudson,98140,2023-06-27
,Tim,Cameron,1961-03-29,tim.cameron@gmail.com,532-2658967,Ptení,Lighthouse Bay,98175,2023-06-27
,Isaac,McDonald,2005-03-03,isaac.mcdonald@gmail.com,534-2759873,Meia Via,Delaware,98664,2023-06-27
,Richard,Sutherland,1987-11-25,richard.sutherland@gmail.com,537-1660292,Hatavch,Judy,98516,2023-06-27
,Wanda,Hodges,1975-07-06,wanda.hodges@gmail.com,533-1199602,Oksa,Clemons,98158,2023-06-27
,Liam,Paige,1969-11-29,liam.paige@gmail.com,537-1783968,Le Pontet,Stoughton,98109,2023-06-27
,Ryan,Lee,1995-05-29,ryan.lee@gmail.com,544-1851432,Mutatá,Namekagon,98185,2023-06-27
,Frank,Ince,1997-06-20,frank.ince@gmail.com,538-1375295,Agdangan,Hauk,98195,2023-06-27
,Julian,May,1974-01-10,julian.may@gmail.com,555-3903044,Oslo,Mcguire,98109,2023-06-27
,Tracey,Rutherford,1973-12-05,tracey.rutherford@gmail.com,536-1432722,Namyangju,Lunder,98682,2023-06-27
,Sonia,Ellison,1977-12-02,sonia.ellison@gmail.com,533-1305229,Las Minas,Golf View,98516,2023-06-27
,Audrey,Bailey,1993-02-18,audrey.bailey@gmail.com,553-1805707,Picos,Gale,98682,2023-06-27
,Maria,Hudson,1999-05-12,maria.hudson@gmail.com,554-2116498,Pamotan,Weeping Birch,98104,2023-06-27
,Michael,Hudson,1965-04-19,michael.hudson@gmail.com,555-3254072,Jampang Kulon,Hanover,98140,2023-06-27
,Fiona,Brown,1962-05-01,fiona.brown@gmail.com,543-1841254,Baizhong,Oakridge,98140,2023-06-27
,Leonard,Clarkson,1998-04-04,leonard.clarkson@gmail.com,554-2143738,Batelov,Blue Bill Park,98516,2023-06-27
,Amanda,Grant,2013-11-25,amanda.grant@gmail.com,535-1517045,Aviúges,Blaine,98506,2023-06-27
,Ian,Butler,1967-04-16,ian.butler@gmail.com,555-4209634,Palangue,Blackbird,98115,2023-06-27
,Stephanie,Ball,1966-03-07,stephanie.ball@gmail.com,536-3184193,Tupaciguara,Little Fleur,98664,2023-06-27
,Leonard,Nolan,1995-08-08,leonard.nolan@gmail.com,543-1149931,Napenay,Hudson,98405,2023-06-27
,Dylan,Clark,2014-01-11,dylan.clark@gmail.com,554-1586751,Benito Juarez,Dwight,98140,2023-06-27
,Sue,Fisher,1990-09-04,sue.fisher@gmail.com,552-1788780,Somba,Dunning,98008,2023-06-27
,Nicholas,Howard,1975-12-18,nicholas.howard@gmail.com,537-1693901,Lianhua,Oneill,98682,2023-06-27
,Ian,Paterson,2006-08-16,ian.paterson@gmail.com,533-1228763,Kivijärvi,Towne,98185,2023-06-27
,Joanne,Cornish,1996-02-07,joanne.cornish@gmail.com,532-2502146,Udomlya,Miller,98405,2023-06-27
,Sean,Abraham,1982-12-03,sean.abraham@gmail.com,543-2214275,Bothaville,Katie,98687,2023-06-27
,Jane,Fraser,1992-04-24,jane.fraser@gmail.com,543-2186758,Terre Haute,Grover,98506,2023-06-27
,Megan,Poole,1987-11-22,megan.poole@gmail.com,534-2760086,Ust’-Donetskiy,Fuller,98148,2023-06-27
,Abigail,Langdon,1960-03-04,abigail.langdon@gmail.com,554-1835548,Huping,Sutteridge,98447,2023-06-27
,Richard,Alsop,1974-01-01,richard.alsop@gmail.com,542-1399524,M´tków,Ridgeway,98464,2023-06-27
,Trevor,Churchill,1988-11-06,trevor.churchill@gmail.com,555-1935817,Shanjiang,Eggendart,98687,2023-06-27
,Kevin,Hardacre,2007-06-17,kevin.hardacre@gmail.com,538-1806860,Lima,Dayton,98506,2023-06-27
,Trevor,Dyer,1977-11-21,trevor.dyer@gmail.com,532-2307231,Mahaba,Coolidge,98115,2023-06-27
,Connor,Dowd,2000-07-31,connor.dowd@gmail.com,536-2532534,San Jose,Corben,98008,2023-06-27
,Julia,Newman,1960-03-28,julia.newman@gmail.com,534-2143090,Pont-Rouge,Dapin,98195,2023-06-27
,Justin,Hamilton,2005-11-15,justin.hamilton@gmail.com,536-3616032,Sedlãany,Orin,98516,2023-06-27
,Evan,Nolan,1987-06-11,evan.nolan@gmail.com,538-1974905,Az? Z?aԂyin,Hovde,98115,2023-06-27
,Donna,Anderson,1981-09-30,donna.anderson@gmail.com,539-2036682,Bangkok,Sommers,98140,2023-06-27
,Brandon,Hill,2007-04-13,brandon.hill@gmail.com,545-1434980,Minh Long,Menomonie,98464,2023-06-27
,Carolyn,Terry,1963-10-23,carolyn.terry@gmail.com,545-1217338,Nu‰tar,Bartelt,98175,2023-06-27
,Luke,Skinner,1964-12-09,luke.skinner@gmail.com,535-2020498,Duntou,Knutson,98447,2023-06-27
,Joseph,Abraham,2013-03-02,joseph.abraham@gmail.com,555-4386553,Sabon Gari-Nangere,Waxwing,98687,2023-06-27
,Amanda,Dowd,1978-02-19,amanda.dowd@gmail.com,542-1254073,Taiobeiras,7th,98195,2023-06-27
,Virginia,Stewart,1978-08-15,virginia.stewart@gmail.com,539-1767716,Kyprínos,Fallview,98516,2023-06-27
,Ava,Glover,1980-04-30,ava.glover@gmail.com,535-1698298,Ciburial,Bluestem,98442,2023-06-27
,Edward,Piper,1979-05-15,edward.piper@gmail.com,554-2401460,Ágios Spyrídon,West,98682,2023-06-27
,Dan,Randall,1991-05-21,dan.randall@gmail.com,552-2391469,Albergaria,Bluejay,98516,2023-06-27
,Peter,Burgess,2011-08-11,peter.burgess@gmail.com,543-1858596,Tÿno,Elka,98687,2023-06-27
,Ian,Martin,1979-08-04,ian.martin@gmail.com,537-1774413,Taunggyi,Shoshone,98104,2023-06-27
,Caroline,Davies,1989-11-28,caroline.davies@gmail.com,534-3054887,Stockholm,Spohn,98140,2023-06-27
,Andrea,Davies,1966-01-25,andrea.davies@gmail.com,547-1320050,Nardaran,Maple,98175,2023-06-27
,Hannah,Churchill,1965-05-12,hannah.churchill@gmail.com,555-3214897,Folques,Basil,98664,2023-06-27
,Harry,Springer,1968-10-24,harry.springer@gmail.com,543-2741331,Muan,Paget,98175,2023-06-27
,Jane,Campbell,1987-12-29,jane.campbell@gmail.com,539-1468267,Rasshevatskaya,Bluestem,98464,2023-06-27
,Lillian,Parr,2007-09-26,lillian.parr@gmail.com,545-1586007,Igunga,Merry,98158,2023-06-27
,Mary,Greene,2014-09-01,mary.greene@gmail.com,534-1125295,Synya,Pond,98115,2023-06-27
,Brian,Gray,1963-06-09,brian.gray@gmail.com,537-2023097,Psebay,Mcguire,98405,2023-06-27
,Nicola,Lewis,1974-08-19,nicola.lewis@gmail.com,531-1285222,Al Qarmadah,Killdeer,98195,2023-06-27
,Jake,Lawrence,1968-03-04,jake.lawrence@gmail.com,547-2098426,T?n S?n,Crownhardt,98516,2023-06-27
,Nicholas,May,1960-05-10,nicholas.may@gmail.com,546-1121068,Jiahu,Bashford,98405,2023-06-27
,Blake,McLean,1981-11-02,blake.mclean@gmail.com,545-2375494,Horten,Graedel,98104,2023-06-27
,Frank,Payne,1985-04-09,frank.payne@gmail.com,551-1270000,Shpola,Summit,98158,2023-06-27
,Grace,Piper,1989-01-13,grace.piper@gmail.com,551-1174038,Vrbovec,Schiller,98447,2023-06-27
,Anthony,Dickens,1969-07-16,anthony.dickens@gmail.com,536-2178984,Mjölby,Sachtjen,98008,2023-06-27
,Simon,Henderson,1982-02-09,simon.henderson@gmail.com,544-1908463,Oslo,Heffernan,98506,2023-06-27
,Victor,Hemmings,1963-11-25,victor.hemmings@gmail.com,554-2791823,S?o Jo?o de Meriti,Boyd,98447,2023-06-27
,Ruth,Harris,1968-08-01,ruth.harris@gmail.com,536-1556160,Dzaoudzi,Hooker,98516,2023-06-27
,Lily,Gibson,2010-05-05,lily.gibson@gmail.com,530-1342195,Huyu,Aberg,98687,2023-06-27
,Vanessa,Quinn,2005-01-23,vanessa.quinn@gmail.com,554-1861629,Sendang,Heffernan,98140,2023-06-27
,Leonard,Vaughan,1970-05-16,leonard.vaughan@gmail.com,552-2470744,Banjarejo,Union,98109,2023-06-27
,Victor,White,1987-07-31,victor.white@gmail.com,554-1218084,Anabar,Pawling,98405,2023-06-27
,Chloe,King,1977-02-13,chloe.king@gmail.com,543-1558640,Aqaba,Canary,98140,2023-06-27
,Chloe,North,1975-06-26,chloe.north@gmail.com,532-2157703,Yaodu,Jenifer,98109,2023-06-27
,Max,King,2013-07-06,max.king@gmail.com,531-2109946,Záhorovice,Mosinee,98158,2023-06-27
,Gavin,Marshall,2003-08-01,gavin.marshall@gmail.com,538-1950780,Poissy,Pine View,98516,2023-06-27
,Andrew,Gray,1995-08-16,andrew.gray@gmail.com,536-3868842,San Lorenzo,Northridge,98008,2023-06-27
,Brian,Lee,2004-07-19,brian.lee@gmail.com,536-3818552,Parnamirim,Eastlawn,98506,2023-06-27
,Joanne,Fisher,1963-06-25,joanne.fisher@gmail.com,537-1582741,Jÿetsu,Sherman,98447,2023-06-27
,Deirdre,Wilson,1980-07-16,deirdre.wilson@gmail.com,554-1907995,San Jose,Crescent Oaks,98682,2023-06-27
,Bernadette,Simpson,1981-04-16,bernadette.simpson@gmail.com,531-1692399,Bulualto,Coolidge,98682,2023-06-27
,Virginia,Black,1978-02-23,virginia.black@gmail.com,555-1836426,Andorinha,New Castle,98185,2023-06-27
,Adrian,Davies,2007-11-03,adrian.davies@gmail.com,547-1795754,Bilar,Paget,98109,2023-06-27
,Leah,Jackson,1999-05-22,leah.jackson@gmail.com,537-1778372,Velingrad,Fairview,98175,2023-06-27
,Audrey,Campbell,1999-03-22,audrey.campbell@gmail.com,538-2081884,Kostyantynivka,Kedzie,98447,2023-06-27
,Victoria,Terry,2014-01-27,victoria.terry@gmail.com,555-1385878,Golynki,Oneill,98158,2023-06-27
,Maria,Watson,1995-11-29,maria.watson@gmail.com,550-1382247,Skibbereen,Pierstorff,98464,2023-06-27
,Bernadette,Fraser,1975-06-04,bernadette.fraser@gmail.com,536-1856999,Pulau Tiga,Crowley,98447,2023-06-27
,Connor,Kerr,1964-07-23,connor.kerr@gmail.com,545-1694336,Porvoo,Donald,98104,2023-06-27
,Jake,Hodges,1969-11-25,jake.hodges@gmail.com,546-1834053,Guizi,Iowa,98516,2023-06-27
,Isaac,Ogden,1996-05-09,isaac.ogden@gmail.com,551-1870059,El Carmen,Dunning,98464,2023-06-27
,Sue,Wright,1966-03-05,sue.wright@gmail.com,532-1362305,Envira,Washington,98516,2023-06-27
,Peter,Graham,1983-02-27,peter.graham@gmail.com,552-2302534,La Paloma,Leroy,98687,2023-06-27
,Michael,Paige,1996-01-04,michael.paige@gmail.com,534-2638549,Piracaia,Canary,98442,2023-06-27
,Jennifer,Powell,1974-01-16,jennifer.powell@gmail.com,543-1740938,Kireyevsk,Bluejay,98008,2023-06-27
,Angela,Powell,1983-09-24,angela.powell@gmail.com,544-1609247,El Valle del Espíritu Santo,Bonner,98158,2023-06-27
,Justin,Roberts,1972-08-13,justin.roberts@gmail.com,552-1580869,Sop Pong,Del Mar,98195,2023-06-27
,Adrian,Mackenzie,2011-10-18,adrian.mackenzie@gmail.com,538-1191719,Yuelai,Lien,98516,2023-06-27
,Karen,Coleman,1966-03-04,karen.coleman@gmail.com,539-1393291,Lukou,Lindbergh,98115,2023-06-27
,Piers,Rutherford,2010-04-12,piers.rutherford@gmail.com,532-1560537,Hongchuan,Twin Pines,98109,2023-06-27
,Leonard,Paige,1966-04-22,leonard.paige@gmail.com,553-1636777,Catac,8th,98195,2023-06-27
,Madeleine,Rampling,1967-03-22,madeleine.rampling@gmail.com,555-2477786,Ejidal,Lindbergh,98158,2023-06-27
,Luke,Reid,1964-07-12,luke.reid@gmail.com,545-1695104,Rudka,Coleman,98158,2023-06-27
,Theresa,Wilkins,1985-06-05,theresa.wilkins@gmail.com,537-1885684,Peimei,Walton,98516,2023-06-27
,Natalie,Newman,1976-05-25,natalie.newman@gmail.com,543-1132501,Hamar,Hoepker,98115,2023-06-27
,Eric,White,1976-05-28,eric.white@gmail.com,534-2928090,Suntar,Bellgrove,98687,2023-06-27
,Felicity,Parr,1978-11-12,felicity.parr@gmail.com,530-1957744,Simpang,Lyons,98516,2023-06-27
,Adrian,Anderson,2015-10-01,adrian.anderson@gmail.com,543-2231058,Concei??o das Alagoas,Morrow,98115,2023-06-27
,Andrea,Clarkson,1968-04-11,andrea.clarkson@gmail.com,536-1375821,Buffalo,Sullivan,98109,2023-06-27
,Melanie,Kelly,2015-10-14,melanie.kelly@gmail.com,534-2001577,Xuling,8th,98687,2023-06-27
,Peter,Payne,1978-01-06,peter.payne@gmail.com,535-1931001,Jiukou,Clove,98464,2023-06-27
,Austin,MacDonald,1977-11-15,austin.macdonald@gmail.com,530-1737324,Waco,Leroy,98447,2023-06-27
,Nicola,Vance,1961-09-17,nicola.vance@gmail.com,537-1356778,Baoquanshan,Sachs,98664,2023-06-27
,Warren,James,2014-03-26,warren.james@gmail.com,537-1874478,Hushan,Crescent Oaks,98516,2023-06-27
,Jonathan,MacDonald,1993-10-20,jonathan.macdonald@gmail.com,532-1785877,Oshnav¥yeh,1st,98185,2023-06-27
,Donna,Hudson,2013-09-06,donna.hudson@gmail.com,553-1190353,La Libertad,Monument,98104,2023-06-27
,Hannah,Parr,2004-07-14,hannah.parr@gmail.com,532-1197972,Livorno,Walton,98506,2023-06-27
,Michael,Glover,1966-02-26,michael.glover@gmail.com,555-2558801,Beiyang,Roth,98175,2023-06-27
,Tracey,Nash,1976-01-10,tracey.nash@gmail.com,530-1959631,Baoquan,Russell,98447,2023-06-27
,Sally,Lee,1964-02-25,sally.lee@gmail.com,541-1556226,Zaragoza,Golf,98464,2023-06-27
,Lucas,Bell,1982-01-18,lucas.bell@gmail.com,545-2153922,Dean,Pleasure,98464,2023-06-27
,Rose,Rees,2013-06-25,rose.rees@gmail.com,555-4075473,Munkedal,Elmside,98148,2023-06-27
,Madeleine,Skinner,2001-03-25,madeleine.skinner@gmail.com,543-2889334,Pedrulheira,Westridge,98405,2023-06-27
,Phil,Parsons,1990-06-05,phil.parsons@gmail.com,545-1579805,Koh Kong,Pond,98109,2023-06-27
,Jack,Thomson,1983-02-19,jack.thomson@gmail.com,547-1268844,Santo Tomas,Marcy,98442,2023-06-27
,Adam,Paterson,1964-10-30,adam.paterson@gmail.com,539-1336119,Chirilagua,Melrose,98506,2023-06-27
,Claire,Mitchell,1986-04-07,claire.mitchell@gmail.com,550-1394904,Cipaku,Pierstorff,98109,2023-06-27
,Deirdre,Slater,1999-02-10,deirdre.slater@gmail.com,550-1731601,Whitehorse,Mitchell,98447,2023-06-27
,Theresa,Graham,1964-03-29,theresa.graham@gmail.com,534-1254542,Jatipamor,Oakridge,98464,2023-06-27
,Joan,Ball,1960-05-09,joan.ball@gmail.com,530-2028047,Wanxian,Harbort,98148,2023-06-27
,Thomas,Russell,1969-12-16,thomas.russell@gmail.com,532-1302361,Cisalak,Prentice,98140,2023-06-27
,Peter,Allan,1992-09-08,peter.allan@gmail.com,536-4038811,Zator,Erie,98175,2023-06-27
,Diana,Wilson,2013-10-01,diana.wilson@gmail.com,552-1573141,Zhongluotan,Village,98148,2023-06-27
,Adam,Hemmings,1997-05-26,adam.hemmings@gmail.com,552-1596184,Hongjiang,Morrow,98464,2023-06-27
,Owen,Randall,2004-04-18,owen.randall@gmail.com,536-2702053,Tawau,Pine View,98148,2023-06-27
,Diane,Robertson,2006-12-05,diane.robertson@gmail.com,536-3945164,Chengxiang,Hansons,98506,2023-06-27
,Sophie,Abraham,1983-05-29,sophie.abraham@gmail.com,554-1313024,Rumburk,Prairieview,98682,2023-06-27
,Ella,Bailey,1969-03-18,ella.bailey@gmail.com,546-1655123,Nadezhda,Waubesa,98506,2023-06-27
,Lucas,Lambert,1993-08-17,lucas.lambert@gmail.com,543-1841343,âelopek,Mosinee,98442,2023-06-27
,Rachel,Arnold,1962-04-23,rachel.arnold@gmail.com,536-1239003,Odzi,Forest Dale,98464,2023-06-27
,Piers,Langdon,1962-01-16,piers.langdon@gmail.com,533-1388712,Budapest,Eagan,98109,2023-06-27
,Megan,Kerr,2007-06-18,megan.kerr@gmail.com,531-1257102,Granja,Bluestem,98148,2023-06-27
,Carl,Anderson,1973-08-31,carl.anderson@gmail.com,538-1424142,Leworook,Scoville,98158,2023-06-27
,Sophie,Russell,1982-08-30,sophie.russell@gmail.com,554-1752967,Tilburg,Blue Bill Park,98195,2023-06-27
,Hannah,Pullman,2013-05-15,hannah.pullman@gmail.com,554-2767643,Karolino-Buhaz,Charing Cross,98140,2023-06-27
,Sonia,Parsons,1963-06-20,sonia.parsons@gmail.com,543-2688585,Ngô ??ng,Hanover,98442,2023-06-27
,Evan,Knox,2006-04-07,evan.knox@gmail.com,543-1757486,Cipaku,Stang,98185,2023-06-27
,Alison,Lewis,1979-12-01,alison.lewis@gmail.com,532-1995187,Whitehorse,Memorial,98175,2023-06-27
,Dominic,Rees,1967-06-12,dominic.rees@gmail.com,545-1472637,Jatipamor,Schurz,98109,2023-06-27
,Anne,Blake,2006-09-19,anne.blake@gmail.com,539-1770873,Wanxian,Moulton,98506,2023-06-27
,Jennifer,Mitchell,1988-10-11,jennifer.mitchell@gmail.com,543-2613899,Cisalak,Ramsey,98506,2023-06-27
,Joan,Fisher,1962-01-31,joan.fisher@gmail.com,539-1199714,Zator,Crescent Oaks,98195,2023-06-27
,James,Parr,1970-08-24,james.parr@gmail.com,536-3585878,Zhongluotan,Hudson,98447,2023-06-27
,Matt,Nolan,2006-07-06,matt.nolan@gmail.com,555-4273931,Hongjiang,Calypso,98158,2023-06-27
,Mary,Johnston,2004-02-16,mary.johnston@gmail.com,547-1826762,Tawau,Eagle Crest,98175,2023-06-27
,Anna,Peake,1995-10-27,anna.peake@gmail.com,554-2319661,Chengxiang,Londonderry,98516,2023-06-27
,Sean,Blake,1972-03-15,sean.blake@gmail.com,553-1899646,Rumburk,Tennyson,98109,2023-06-27
,Jake,James,1989-07-17,jake.james@gmail.com,530-1951255,Nadezhda,Continental,98447,2023-06-27
,Phil,Newman,1974-01-20,phil.newman@gmail.com,536-3387621,âelopek,Mcguire,98447,2023-06-27
,Ryan,Miller,2010-12-25,ryan.miller@gmail.com,555-2053679,Bolhrad,Eagan,98682,2023-06-27
,Wanda,Murray,1966-02-09,wanda.murray@gmail.com,545-2671968,Lodan Wetan,Montana,98140,2023-06-27
,Nicola,Murray,1988-07-20,nicola.murray@gmail.com,552-2766610,Maikun,Anniversary,98175,2023-06-27
,Evan,Fraser,1979-08-10,evan.fraser@gmail.com,555-3960472,Anahawan,Dawn,98109,2023-06-27
,Tracey,Parsons,1965-04-13,tracey.parsons@gmail.com,552-2586144,Villa Verde,Sachtjen,98104,2023-06-27
,Adrian,Nolan,1982-07-29,adrian.nolan@gmail.com,535-1668383,Long Xuy?n,Armistice,98148,2023-06-27
,Wendy,Hamilton,1990-12-02,wendy.hamilton@gmail.com,552-2956930,K?benhavn,Meadow Vale,98687,2023-06-27
,Theresa,Glover,1963-07-10,theresa.glover@gmail.com,534-1231128,New Bedford,Algoma,98464,2023-06-27
,Sebastian,Johnston,1968-01-03,sebastian.johnston@gmail.com,553-1354459,Békéscsaba,Doe Crossing,98148,2023-06-27
,Vanessa,May,2007-06-17,vanessa.may@gmail.com,543-2661455,Posse,Amoth,98447,2023-06-27
,Anne,Ellison,2007-04-17,anne.ellison@gmail.com,531-1676689,Karítsa,Milwaukee,98104,2023-06-27
,Chloe,Brown,1966-01-08,chloe.brown@gmail.com,531-1927430,Murcia,Waxwing,98175,2023-06-27
,Carolyn,Dickens,1966-11-01,carolyn.dickens@gmail.com,552-2867828,Luftinj?,Mitchell,98115,2023-06-27
,Max,Coleman,1979-01-21,max.coleman@gmail.com,534-3074023,Malusay,Burning Wood,98195,2023-06-27
,Olivia,Fisher,1964-06-17,olivia.fisher@gmail.com,545-1844101,Riversdale,Hintze,98195,2023-06-27
,Wanda,Lambert,2005-11-27,wanda.lambert@gmail.com,534-2994205,Parakanhonje Wetan,Schmedeman,98464,2023-06-27
,Emily,Cameron,2012-07-12,emily.cameron@gmail.com,542-1121746,Mapalad,Rockefeller,98664,2023-06-27
,Evan,Nash,2008-03-09,evan.nash@gmail.com,554-1314208,Abashiri,Sunfield,98464,2023-06-27
,Cameron,Welch,1996-05-15,cameron.welch@gmail.com,533-1560597,Río Cuarto,Jackson,98175,2023-06-27
,Gavin,Wallace,1988-07-14,gavin.wallace@gmail.com,541-1630654,Gómfoi,Briar Crest,98109,2023-06-27
,Rose,Tucker,1985-10-21,rose.tucker@gmail.com,541-1859425,Berbera,Shoshone,98516,2023-06-27
,Peter,King,1989-07-24,peter.king@gmail.com,534-2416709,Ruse,Oak Valley,98464,2023-06-27
,Isaac,Roberts,1969-03-23,isaac.roberts@gmail.com,552-2169609,Hanzhong,7th,98008,2023-06-27
,Steven,Parsons,1962-10-16,steven.parsons@gmail.com,531-1508912,Chichaoua,Marcy,98140,2023-06-27
,Sam,Allan,1964-01-24,sam.allan@gmail.com,555-4470092,Balud,Gulseth,98175,2023-06-27
,Jason,Vaughan,1960-02-05,jason.vaughan@gmail.com,536-2324831,Ríohacha,Marquette,98664,2023-06-27
,Brian,Davidson,1993-05-16,brian.davidson@gmail.com,555-4164689,Ma?Çy,Marcy,98148,2023-06-27
,Jessica,Howard,1962-06-18,jessica.howard@gmail.com,555-2721579,Shisandaogou,Mesta,98008,2023-06-27
,Amy,Carr,1969-11-29,amy.carr@gmail.com,534-2258459,No?ratÇbÇd,Blackbird,98464,2023-06-27
,Ruth,Roberts,1984-04-07,ruth.roberts@gmail.com,545-1454431,Giemdiem,Maryland,98687,2023-06-27
,Charles,Hart,2004-04-10,charles.hart@gmail.com,544-1436125,Imbituva,Gale,98109,2023-06-27
,Leonard,Lyman,1988-11-19,leonard.lyman@gmail.com,555-3443198,El Paso,School,98682,2023-06-27
,Heather,Tucker,1991-05-31,heather.tucker@gmail.com,531-1651076,Thaon-les-Vosges,Pankratz,98115,2023-06-27
,Heather,Vance,1974-01-18,heather.vance@gmail.com,536-2339436,Lokossa,Corry,98682,2023-06-27
,Adam,Robertson,2002-12-10,adam.robertson@gmail.com,531-1772308,Pengilon,Dahle,98140,2023-06-27
,Yvonne,Reid,1981-08-04,yvonne.reid@gmail.com,538-2102890,Néos Mylótopos,Hoard,98148,2023-06-27
,Jack,North,2013-09-11,jack.north@gmail.com,553-1141940,Randusari,Bonner,98175,2023-06-27
,Sophie,North,1974-09-13,sophie.north@gmail.com,535-1177698,Zoushi,Pine View,98008,2023-06-27
,Virginia,Payne,1984-02-06,virginia.payne@gmail.com,541-1592525,Mobile,Bunker Hill,98447,2023-06-27
,Owen,Harris,2015-01-21,owen.harris@gmail.com,539-1273362,Daykitin,Arrowood,98405,2023-06-27
,Wanda,North,1983-07-22,wanda.north@gmail.com,536-3554937,Kalibuntu,Rockefeller,98115,2023-06-27
,Kimberly,Clark,1980-07-13,kimberly.clark@gmail.com,555-4303332,Badajoz,Grayhawk,98104,2023-06-27
,Pippa,Ross,2015-11-13,pippa.ross@gmail.com,554-1740150,Tomteboda,Burning Wood,98109,2023-06-27
,Joshua,Quinn,1989-08-29,joshua.quinn@gmail.com,553-1658395,Elmira,Hooker,98442,2023-06-27
,Adam,Black,2005-06-16,adam.black@gmail.com,552-2568310,Conchucos,Meadow Ridge,98682,2023-06-27
,Heather,Dickens,1999-01-29,heather.dickens@gmail.com,553-1750545,Saint-Amand-les-Eaux,Straubel,98682,2023-06-27
,Joseph,Lawrence,1998-05-03,joseph.lawrence@gmail.com,554-2504324,Chelbasskaya,Rowland,98158,2023-06-27
,Isaac,Powell,1966-01-17,isaac.powell@gmail.com,542-1921652,Dahe,Grayhawk,98506,2023-06-27
,Diana,Quinn,2008-02-27,diana.quinn@gmail.com,537-1249654,Xinning,Marquette,98464,2023-06-27
,Emily,Piper,1974-11-29,emily.piper@gmail.com,533-1374470,Kanghe,Prairieview,98175,2023-06-27
,Virginia,Smith,1993-07-03,virginia.smith@gmail.com,531-1731852,Foz Sousa,Springview,98687,2023-06-27
,Christian,Nash,1962-03-31,christian.nash@gmail.com,541-1718716,Liuhou,Spenser,98008,2023-06-27
,Penelope,Paterson,1986-07-08,penelope.paterson@gmail.com,543-2430882,Zhaoyuan,Tennessee,98158,2023-06-27
,Michael,Morrison,2003-10-06,michael.morrison@gmail.com,543-1779429,Nybro,Tony,98506,2023-06-27
,Christian,Howard,1989-10-05,christian.howard@gmail.com,534-1176077,Makoua,Kropf,98516,2023-06-27
,Adam,Bond,1963-02-17,adam.bond@gmail.com,555-1413357,Bayanbulag,Golf View,98664,2023-06-27
,Carol,Miller,1994-08-11,carol.miller@gmail.com,555-1197253,Bailadores,Ryan,98447,2023-06-27
,Warren,Hardacre,1970-11-28,warren.hardacre@gmail.com,554-1858395,Visaginas,Moulton,98104,2023-06-27
,Joanne,Butler,1991-03-29,joanne.butler@gmail.com,532-1565575,Pasar Kulon,Di Loreto,98506,2023-06-27
,Adrian,Terry,1962-11-04,adrian.terry@gmail.com,551-1632745,Perm,Buena Vista,98687,2023-06-27
,Victor,Hodges,2015-11-16,victor.hodges@gmail.com,539-1741306,Malaga,Spenser,98109,2023-06-27
,Matt,Alsop,1971-03-17,matt.alsop@gmail.com,554-1204687,Virginia Beach,Towne,98506,2023-06-27
,Blake,Underwood,1977-12-03,blake.underwood@gmail.com,530-1751504,Boavista,Pennsylvania,98008,2023-06-27
,Colin,Slater,1976-09-01,colin.slater@gmail.com,534-1863345,Paracatu,Clemons,98447,2023-06-27
,Anna,Randall,2003-10-06,anna.randall@gmail.com,534-1738141,Mulyadadi,8th,98109,2023-06-27
,Natalie,Abraham,1993-08-30,natalie.abraham@gmail.com,543-2588990,Haruman,Melvin,98405,2023-06-27
,Richard,Quinn,1974-11-21,richard.quinn@gmail.com,555-3220456,Mojokerto,Fairview,98109,2023-06-27
,Stewart,Abraham,1982-01-06,stewart.abraham@gmail.com,532-1566439,Olavarría,Havey,98109,2023-06-27
,James,McDonald,1980-04-11,james.mcdonald@gmail.com,552-2502048,Yaurisque,Comanche,98140,2023-06-27
,Una,Peters,2004-11-23,una.peters@gmail.com,531-1297363,Granada,Kenwood,98442,2023-06-27
,Joseph,North,1987-11-02,joseph.north@gmail.com,543-2847617,Lewopao,Jenifer,98008,2023-06-27
,Olivia,North,2006-12-25,olivia.north@gmail.com,555-2264953,Sacanche,8th,98687,2023-06-27
,Edward,Vance,1969-08-07,edward.vance@gmail.com,536-2914501,Borzytuchom,Maryland,98405,2023-06-27
,Ella,Skinner,1982-10-31,ella.skinner@gmail.com,536-3715517,Jixiang,Sloan,98687,2023-06-27
,Andrea,Hodges,2008-08-22,andrea.hodges@gmail.com,534-1881037,Ndewel,Emmet,98405,2023-06-27
,Theresa,Terry,1993-02-18,theresa.terry@gmail.com,538-2076783,Kramarzówka,Schurz,98104,2023-06-27
,Jacob,James,1990-04-29,jacob.james@gmail.com,543-1478757,Jiawu,Monterey,98140,2023-06-27
,Joshua,Nolan,1984-07-15,joshua.nolan@gmail.com,553-1314817,Mayenne,Lakeland,98442,2023-06-27
,Anna,Smith,1993-01-01,anna.smith@gmail.com,550-1321518,Standerton,Fordem,98464,2023-06-27
,Gordon,Bond,1965-08-19,gordon.bond@gmail.com,543-2791793,Stockholm,Havey,98664,2023-06-27
,Thomas,Rees,1995-12-12,thomas.rees@gmail.com,543-1336645,Ganfang,Clyde Gallagher,98158,2023-06-27
,Leah,Mitchell,2004-02-23,leah.mitchell@gmail.com,546-1560457,Mamonovo,Forster,98158,2023-06-27
